Rank,EntryId,EntryName,TimeRemaining,Points,Lineup,,Player,Roster Position,%Drafted,FPTS
1,5220785666,LordofRings6 (1/2),23.84,120.55,1B Matt Olson 2B Royce Lewis 3B Brooks Lee C James McCann OF Ronald Acuna Jr. OF Mike Yastrzemski OF Tim Tawa P Dylan Cease P Eury Perez SS Kaelen Culpepper,,Dylan Cease,P,66.84%,27.25
2,5220783032,dean78904 (4/6),24.35,118.7,1B Matt Olson 2B Jake Cronenworth 3B Ryan McMahon C Drake Baldwin OF Ronald Acuna Jr. OF Dominic Smith OF Brett Baty P Dylan Cease P Dean Kremer SS Francisco Lindor,,Eury Perez,P,37.71%,19.3
2,5220785738,FATEFELLSHORT (1/16),16.849998,118.7,1B Matt Olson 2B Jorbit Vivas 3B Charles McAdoo C Drake Baldwin OF Ronald Acuna Jr. OF Michael Harris II OF Mike Yastrzemski P Dylan Cease P Christian Scott SS Kaelen Culpepper,,Francisco Lindor,SS,34.01%,7
2,5220785752,FATEFELLSHORT (3/16),16.849998,118.7,1B Matt Olson 2B Jorbit Vivas 3B Charles McAdoo C Drake Baldwin OF Ronald Acuna Jr. OF Michael Harris II OF Mike Yastrzemski P Dylan Cease P Christian Scott SS Kaelen Culpepper,,Corbin Carroll,OF,33.00%,8
2,5220785779,FATEFELLSHORT (5/16),16.849998,118.7,1B Matt Olson 2B Jorbit Vivas 3B Charles McAdoo C Drake Baldwin OF Ronald Acuna Jr. OF Michael Harris II OF Mike Yastrzemski P Dylan Cease P Christian Scott SS Kaelen Culpepper,,Agustin Ramirez,C,32.15%,3
2,5220787665,FATEFELLSHORT (7/16),16.849998,118.7,1B Matt Olson 2B Jorbit Vivas 3B Charles McAdoo C Drake Baldwin OF Ronald Acuna Jr. OF Michael Harris II OF Mike Yastrzemski P Dylan Cease P Christian Scott SS Kaelen Culpepper,,Christian Scott,P,29.97%,17.45
2,5220787670,FATEFELLSHORT (9/16),16.849998,118.7,1B Matt Olson 2B Jorbit Vivas 3B Charles McAdoo C Drake Baldwin OF Ronald Acuna Jr. OF Michael Harris II OF Mike Yastrzemski P Dylan Cease P Christian Scott SS Kaelen Culpepper,,Heriberto Hernandez,OF,27.44%,2
2,5220787682,FATEFELLSHORT (11/16),16.849998,118.7,1B Matt Olson 2B Jorbit Vivas 3B Charles McAdoo C Drake Baldwin OF Ronald Acuna Jr. OF Michael Harris II OF Mike Yastrzemski P Dylan Cease P Christian Scott SS Kaelen Culpepper,,Jared Young,1B,21.21%,12
2,5220787691,FATEFELLSHORT (13/16),16.849998,118.7,1B Matt Olson 2B Jorbit Vivas 3B Charles McAdoo C Drake Baldwin OF Ronald Acuna Jr. OF Michael Harris II OF Mike Yastrzemski P Dylan Cease P Christian Scott SS Kaelen Culpepper,,Gabriel Moreno,C,19.53%,14
2,5220787695,FATEFELLSHORT (15/16),16.849998,118.7,1B Matt Olson 2B Jorbit Vivas 3B Charles McAdoo C Drake Baldwin OF Ronald Acuna Jr. OF Michael Harris II OF Mike Yastrzemski P Dylan Cease P Christian Scott SS Kaelen Culpepper,,Sean Burke,P,19.53%,0.95
11,5220787903,MoneyMatt711 (2/3),25.34,117.55,1B Jared Young 2B Kody Clemens 3B Bo Bichette C Drew Romo OF A.J. Ewing OF Trevor Larnach OF Heriberto Hernandez P Dylan Cease P Eury Perez SS Francisco Lindor,,A.J. Ewing,OF,18.69%,2
12,5220783769,FantasyCrusader (7/8),28.17,115.7,1B Jared Young 2B Kody Clemens 3B Bo Bichette C Luis Torrens OF Byron Buxton OF Carson Benge OF Trevor Larnach P Dylan Cease P Dean Kremer SS Francisco Lindor,,Carson Benge,OF,17.51%,0
12,5220754562,hurtemhorns,25.51,115.7,1B Jared Young 2B Kody Clemens 3B Bo Bichette C Gabriel Moreno OF Carson Benge OF A.J. Ewing OF Trevor Larnach P Dylan Cease P Dean Kremer SS Francisco Lindor,,Geraldo Perdomo,SS,17.00%,0
14,5220783030,dean78904 (2/6),19.35,113.55,1B Matt Olson 2B Ozzie Albies 3B Charles McAdoo C Drake Baldwin OF Michael Harris II OF Dominic Smith OF Brett Baty P Dylan Cease P Eury Perez SS Kaelen Culpepper,,Kyle Schwarber,1B,14.48%,5
15,5220766883,dennisgolovaty,18.69,112.6,1B Matt Olson 2B Brett Baty 3B Bo Bichette C Luis Torrens OF Ronald Acuna Jr. OF Carson Benge OF Heriberto Hernandez P Ryan Weathers P Christian Scott SS Francisco Lindor,,Byron Buxton,OF,13.64%,0
16,5220783034,dean78904 (6/6),25.84,112.55,1B Munetaka Murakami 2B Sam Antonacci 3B Charles McAdoo C Drake Baldwin OF Dominic Smith OF Gavin Sheets OF Tristan Peters P Dylan Cease P Eury Perez SS Colson Montgomery,,Bryson Stott,2B,13.47%,0
17,5220770488,FantasyCrusader (1/8),26.34,109.75,1B Matt Olson 2B Ozzie Albies 3B Leo Jimenez C Drake Baldwin OF Ronald Acuna Jr. OF Michael Harris II OF Trevor Larnach P Eury Perez P Dean Kremer SS Kaelen Culpepper,,Ketel Marte,2B,13.30%,0
18,5220782242,glm39,35.33,109.7,1B Abimelec Ortiz 2B Sam Antonacci 3B Brooks Lee C Gabriel Moreno OF Jackson Merrill OF Trevor Larnach OF Luke Keaschall P Dylan Cease P Dean Kremer SS CJ Abrams,,Otto Lopez,SS,12.46%,3
18,5220749470,Gronkowski69 (4/12),17.19,109.7,1B Matt Olson 2B Jorge Polanco 3B Jared Triolo C Drake Baldwin OF Carson Benge OF A.J. Ewing OF Brett Baty P Dylan Cease P Christian Scott SS Francisco Lindor,,Bryson Stott,3B,12.46%,0
18,5220751797,Wanna_Square_Up1567 (17/17),13.86,109.7,1B Matt Olson 2B Ketel Marte 3B Nolan Arenado C Luis Torrens OF Corbin Carroll OF Mike Yastrzemski OF Tim Tawa P Dylan Cease P Christian Scott SS Geraldo Perdomo,,Xavier Edwards,2B,10.10%,2
21,5220774239,Moosemasher (1/2),20.51,108.85,1B Royce Lewis 2B Ketel Marte 3B Colt Keith C Drew Romo OF Bryan Reynolds OF Michael Harris II OF Carson Benge P Eury Perez P Michael Soroka SS Francisco Lindor,,Jorge Polanco,2B,9.60%,5
21,5220782420,Moosemasher (2/2),20.51,108.85,1B Royce Lewis 2B Ketel Marte 3B Colt Keith C Drew Romo OF Bryan Reynolds OF Michael Harris II OF Carson Benge P Eury Perez P Michael Soroka SS Francisco Lindor,,Javier Sanoja,3B,9.26%,0
23,5220775078,Darkmen715 (17/17),13.5199995,106.9,1B Matt Olson 2B Jorge Polanco 3B Ryan McMahon C Drake Baldwin OF Ronald Acuna Jr. OF Michael Harris II OF Zach McKinstry P Dylan Cease P Drew Anderson SS Geraldo Perdomo,,Bryce Harper,OF,9.26%,0
24,5220778943,Jeter2333 (5/17),15.860001,106.7,1B Jared Young 2B Jorge Polanco 3B Nolan Arenado C Gabriel Moreno OF Corbin Carroll OF Carson Benge OF A.J. Ewing P Dylan Cease P Christian Scott SS Francisco Lindor,,Jake Cronenworth,2B,8.92%,0
24,5220785813,Jeter2333 (12/17),15.860001,106.7,1B Jared Young 2B Jorge Polanco 3B Nolan Arenado C Gabriel Moreno OF Corbin Carroll OF Carson Benge OF A.J. Ewing P Dylan Cease P Christian Scott SS Francisco Lindor,,Esteury Ruiz,OF,8.75%,8
24,5220788069,d9144 (5/12),15.860001,106.7,1B Jared Young 2B Jorge Polanco 3B Nolan Arenado C Gabriel Moreno OF Corbin Carroll OF Carson Benge OF A.J. Ewing P Dylan Cease P Christian Scott SS Francisco Lindor,,Bo Bichette,3B,8.75%,8
27,5220783684,colemandizzy,19.01,105.7,1B Matt Olson 2B Xavier Edwards 3B Nick Yorke C Agustin Ramirez OF Corbin Carroll OF Michael Harris II OF Braden Montgomery P Dylan Cease P Christian Scott SS Jared Triolo,,Ryan Weathers,P,8.75%,18.15
28,5220780094,rominski93,29.82,105.4,1B Matt Olson 2B Royce Lewis 3B Brooks Lee C Austin Wells OF Byron Buxton OF Kody Clemens OF Trevor Larnach P Sean Burke P Dean Kremer SS Francisco Lindor,,Fernando Tatis Jr.,OF,8.59%,0
29,5220783033,dean78904 (5/6),30.34,104.55,1B Munetaka Murakami 2B Sam Antonacci 3B Miguel Vargas C Drew Romo OF Dominic Smith OF Brett Baty OF Gavin Sheets P Dylan Cease P Eury Perez SS Colson Montgomery,,Ronald Acuna Jr.,OF,8.59%,12
30,5220783096,Scottg21,29.65,104.5,1B Kyle Schwarber 2B Kody Clemens 3B Brooks Lee C Drew Romo OF Byron Buxton OF Trevor Larnach OF Brett Bateman P Dylan Cease P Nick Lodolo SS Andruw Monasterio,,Tim Tawa,OF,7.91%,2
31,5220751721,mgo14,33,103.7,1B Abimelec Ortiz 2B Jake Cronenworth 3B Eugenio Suarez C Agustin Ramirez OF Byron Buxton OF Michael Harris II OF Kody Clemens P Dylan Cease P Dean Kremer SS Francisco Lindor,,Mike Yastrzemski,OF,7.58%,0
31,5220781013,tvielkin (6/7),15.860001,103.7,1B Dominic Smith 2B Jorge Polanco 3B Bo Bichette C Luis Torrens OF Corbin Carroll OF Michael Harris II OF A.J. Ewing P Dylan Cease P Christian Scott SS Francisco Lindor,,Ceddanne Rafaela,OF,7.58%,0
33,5220778939,Jeter2333 (1/17),18.19,103.4,1B Jared Young 2B Jorge Polanco 3B Charles McAdoo C Gabriel Moreno OF Ronald Acuna Jr. OF Carson Benge OF A.J. Ewing P Dylan Cease P Ryan Weathers SS Francisco Lindor,,Drake Baldwin,C,7.24%,14
33,5220785812,Jeter2333 (11/17),18.19,103.4,1B Jared Young 2B Jorge Polanco 3B Charles McAdoo C Gabriel Moreno OF Ronald Acuna Jr. OF Carson Benge OF A.J. Ewing P Dylan Cease P Ryan Weathers SS Francisco Lindor,,Javier Sanoja,OF,7.24%,0
35,5220779409,phil-osophy1,24.34,102.55,1B Jared Young 2B Royce Lewis 3B Charles McAdoo C Agustin Ramirez OF Kody Clemens OF Carson Benge OF A.J. Ewing P Dylan Cease P Eury Perez SS Francisco Lindor,,Trevor Larnach,OF,7.24%,5
36,5220785811,Jeter2333 (10/17),18.36,102.4,1B Abimelec Ortiz 2B Brett Baty 3B Jorge Polanco C Gabriel Moreno OF Corbin Carroll OF Carson Benge OF A.J. Ewing P Dylan Cease P Ryan Weathers SS Francisco Lindor,,Michael Harris II,OF,6.90%,8
37,5220768101,Grimble,26,101.7,1B Josh Bell 2B Kody Clemens 3B Bo Bichette C Luis Torrens OF Brandon Marsh OF Luis Robert Jr. OF Luke Keaschall P Dylan Cease P Christian Scott SS Francisco Lindor,,Charles McAdoo,3B,6.90%,6
37,5220768295,CraigV1130,21.02,101.7,1B Jared Young 2B Ketel Marte 3B Bo Bichette C Luis Torrens OF Corbin Carroll OF Carson Benge OF Heriberto Hernandez P Dylan Cease P Dean Kremer SS Francisco Lindor,,Wilyer Abreu,OF,6.90%,0
39,5220788034,Gronkowski69 (12/12),17.36,101.55,1B Jared Young 2B Jorge Polanco 3B Nolan Arenado C Gabriel Moreno OF Corbin Carroll OF A.J. Ewing OF Max Kepler P Dylan Cease P Eury Perez SS Geraldo Perdomo,,Rafael Flores Jr.,C,6.73%,2
40,5220778941,Jeter2333 (3/17),16.69,100.7,1B Jared Young 2B Jorge Polanco 3B Eugenio Suarez C Gabriel Moreno OF Ronald Acuna Jr. OF Carson Benge OF A.J. Ewing P Dylan Cease P Christian Scott SS Francisco Lindor,,Jorge Polanco,3B,6.73%,5
40,5220785814,Jeter2333 (13/17),16.69,100.7,1B Jared Young 2B Jorge Polanco 3B Eugenio Suarez C Gabriel Moreno OF Ronald Acuna Jr. OF Carson Benge OF A.J. Ewing P Dylan Cease P Christian Scott SS Francisco Lindor,,Eugenio Suarez,3B,6.57%,4
40,5220768734,renardcars (1/2),15.860001,100.7,1B Jared Young 2B Brett Baty 3B Nolan Arenado C James McCann OF Corbin Carroll OF Carson Benge OF A.J. Ewing P Dylan Cease P Christian Scott SS Francisco Lindor,,Michael Toglia,1B,6.57%,0
43,5220770057,kyleorso (13/17),28.34,100.55,1B Charles McAdoo 2B Brett Baty 3B Nick Yorke C Drew Romo OF Fernando Tatis Jr. OF Corbin Carroll OF Esteury Ruiz P Dylan Cease P Eury Perez SS Elly De La Cruz,,Matt Olson,1B,6.57%,25
44,5220754395,poole071578,34.489998,100.4,1B Kyle Schwarber 2B Anthony Seigler 3B Charles McAdoo C Agustin Ramirez OF Fernando Tatis Jr. OF Kody Clemens OF Edmundo Sosa P Dylan Cease P Ryan Weathers SS Jared Triolo,,Josh Bell,1B,6.57%,5
45,5220751793,Wanna_Square_Up1567 (13/17),22.01,99.7,1B Tim Tawa 2B Ketel Marte 3B Javier Sanoja C Gabriel Moreno OF Corbin Carroll OF Kody Clemens OF Esteury Ruiz P Dylan Cease P Dean Kremer SS Geraldo Perdomo,,Elly De La Cruz,SS,6.23%,2
46,5220775457,renardcars (2/2),18.69,99.55,1B Abimelec Ortiz 2B Jorbit Vivas 3B Charles McAdoo C Drake Baldwin OF Daylen Lile OF Jacob Young OF Dominic Smith P Dylan Cease P Eury Perez SS CJ Abrams,,Royce Lewis,2B,6.23%,7
47,5220778942,Jeter2333 (4/17),18.52,98.7,1B Jared Young 2B Jorge Polanco 3B Nolan Arenado C Gabriel Moreno OF Byron Buxton OF Carson Benge OF A.J. Ewing P Dylan Cease P Christian Scott SS Francisco Lindor,,Nolan Arenado,3B,6.23%,14
47,5220785808,Jeter2333 (7/17),18.52,98.7,1B Jared Young 2B Jorge Polanco 3B Nolan Arenado C Gabriel Moreno OF Byron Buxton OF Carson Benge OF A.J. Ewing P Dylan Cease P Christian Scott SS Francisco Lindor,,Luis Robert Jr.,OF,6.23%,0
47,5220787950,Jeter2333 (16/17),18.52,98.7,1B Jared Young 2B Jorge Polanco 3B Nolan Arenado C Gabriel Moreno OF Byron Buxton OF Carson Benge OF A.J. Ewing P Dylan Cease P Christian Scott SS Francisco Lindor,,Luis Arraez,2B,5.89%,0
50,5220788076,d9144 (12/12),41.68,98.6,1B Matt Olson 2B Jake Cronenworth 3B Manny Machado C Drake Baldwin OF Ronald Acuna Jr. OF Michael Harris II OF Mike Yastrzemski P Ryan Weathers P Dean Kremer SS Xander Bogaerts,,Steven Kwan,OF,5.56%,0
51,5220778940,Jeter2333 (2/17),14.860001,98.5,1B Jared Young 2B Ketel Marte 3B Nolan Arenado C Gabriel Moreno OF Corbin Carroll OF A.J. Ewing OF Tim Tawa P Dylan Cease P Nick Lodolo SS Francisco Lindor,,Kaelen Culpepper,SS,5.56%,2
51,5220785809,Jeter2333 (8/17),14.860001,98.5,1B Jared Young 2B Ketel Marte 3B Nolan Arenado C Gabriel Moreno OF Corbin Carroll OF A.J. Ewing OF Tim Tawa P Dylan Cease P Nick Lodolo SS Francisco Lindor,,Sam Antonacci,2B,5.56%,6
51,5220787951,Jeter2333 (17/17),14.860001,98.5,1B Jared Young 2B Ketel Marte 3B Nolan Arenado C Gabriel Moreno OF Corbin Carroll OF A.J. Ewing OF Tim Tawa P Dylan Cease P Nick Lodolo SS Francisco Lindor,,Dean Kremer,P,5.39%,21.45
54,5220764563,Fivecrossyolips,15.85,98.15,1B Matt Olson 2B Ozzie Albies 3B Austin Riley C Adley Rutschman OF Ronald Acuna Jr. OF Michael Harris II OF Heriberto Hernandez P Nick Lodolo P Jake Irvin SS Jose Caballero,,Jackson Merrill,OF,5.22%,0
55,5220755795,iceman1s1978,25.99,98.05,1B Royce Lewis 2B Brandon Lowe 3B Kazuma Okamoto C Alejandro Kirk OF Byron Buxton OF Bryan Reynolds OF Esmerlyn Valdez P Michael Soroka P Bryce Elder SS Kaelen Culpepper,,Tim Tawa,1B,5.22%,2
56,5220756160,Mackdawg44,31.32,97.55,1B Jared Young 2B Royce Lewis 3B Brooks Lee C Agustin Ramirez OF Byron Buxton OF Trevor Larnach OF Heriberto Hernandez P Dylan Cease P Eury Perez SS Kaelen Culpepper,,Caleb Durbin,3B,5.22%,3
57,5220763801,srken,28.5,97.4,1B Ty France 2B Chase Meidroth 3B Colt Keith C Gabriel Moreno OF Corbin Carroll OF Trevor Larnach OF Heriberto Hernandez P Dylan Cease P Ryan Weathers SS Kaelen Culpepper,,Brett Bateman,OF,5.05%,0
58,5220777409,Sasser7,30,96.95,1B Sal Stewart 2B Sam Antonacci 3B Brooks Lee C Keibert Ruiz OF Kody Clemens OF Daylen Lile OF Jackson Merrill P Eury Perez P Drew Anderson SS Francisco Lindor,,Abimelec Ortiz,1B,4.88%,14
59,5220779114,clilly35,34.67,96.8,1B Josh Bell 2B Jake Cronenworth 3B Jared Triolo C Drake Baldwin OF Bryan Reynolds OF Jackson Merrill OF Dominic Smith P Dylan Cease P Michael Soroka SS Colson Montgomery,,Luis Torrens,C,4.88%,16
60,5220781594,turfgurutigers69,19.35,96.75,1B Munetaka Murakami 2B Sam Antonacci 3B Nolan Arenado C Gabriel Moreno OF Corbin Carroll OF Heriberto Hernandez OF Mike Yastrzemski P Eury Perez P Christian Scott SS Geraldo Perdomo,,Brandon Marsh,OF,4.71%,0
61,5220783575,FantasyCrusader (6/8),26.01,96.7,1B Jared Young 2B Brett Baty 3B Bo Bichette C Luis Torrens OF Byron Buxton OF Carson Benge OF Trevor Larnach P Dylan Cease P Dean Kremer SS CJ Abrams,,Edmundo Sosa,SS,4.55%,8
61,5220784694,mclocker (2/2),18.68,96.7,1B Jared Young 2B Jorge Polanco 3B Charles McAdoo C Drake Baldwin OF Byron Buxton OF Corbin Carroll OF Javier Sanoja P Dylan Cease P Christian Scott SS Francisco Lindor,,Chase DeLauter,OF,4.55%,0
63,5220787863,Gronkowski69 (11/12),29.99,96.55,1B Josh Bell 2B Kody Clemens 3B Nolan Arenado C Agustin Ramirez OF Byron Buxton OF Trevor Larnach OF Tim Tawa P Dylan Cease P Eury Perez SS Kaelen Culpepper,,Patrick Sandoval,P,4.55%,-0.2
64,5220771802,SteelCurtain945,25.17,94.899994,1B Kyle Schwarber 2B Brandon Lowe 3B Kazuma Okamoto C Henry Davis OF Corbin Carroll OF Bryan Reynolds OF Esmerlyn Valdez P Lake Bachar P Hunter Barco SS Francisco Lindor,,Drew Anderson,P,4.55%,11.65
65,5220784539,brandonabk (4/4),20.01,94.7,1B Jared Young 2B Jorge Polanco 3B Eugenio Suarez C Drake Baldwin OF Byron Buxton OF Esteury Ruiz OF Jakob Marsee P Dylan Cease P Christian Scott SS Francisco Lindor,,Alec Bohm,3B,4.55%,0
65,5220788070,d9144 (6/12),19.19,94.7,1B Jared Young 2B Ketel Marte 3B Bo Bichette C Gabriel Moreno OF Corbin Carroll OF A.J. Ewing OF Tim Tawa P Dylan Cease P Dean Kremer SS Geraldo Perdomo,,Matt McLain,2B,4.21%,0
67,5220766893,Henry113,19.68,93.7,1B Matt Olson 2B Bryson Stott 3B Jared Triolo C Rafael Flores Jr. OF Michael Harris II OF A.J. Ewing OF Mike Yastrzemski P Dylan Cease P Christian Scott SS Francisco Lindor,,Kody Clemens,OF,4.21%,19
68,5220779291,tvielkin (4/7),25.85,93.55,1B Tim Tawa 2B Ketel Marte 3B Nolan Arenado C Connor Wong OF Corbin Carroll OF Jarren Duran OF Steven Kwan P Dylan Cease P Eury Perez SS Geraldo Perdomo,,Jakob Marsee,OF,4.21%,0
68,5220770053,kyleorso (9/17),19.01,93.55,1B Ben Rice 2B Jorbit Vivas 3B Austin Riley C Rafael Flores Jr. OF Heliot Ramos OF Spencer Jones OF Jorge Barrosa P Dylan Cease P Eury Perez SS George Lombard Jr.,,Max Kepler,OF,4.21%,0
70,5220777238,massdestruct1 (2/2),28.32,93.2,1B Josh Bell 2B Sam Antonacci 3B Brooks Lee C Drew Romo OF Byron Buxton OF Esmerlyn Valdez OF George Springer P Dylan Cease P Sean Burke SS Kaelen Culpepper,,Ty France,1B,4.21%,0
71,5220785787,jdjay (1/2),16.19,92.7,1B Tim Tawa 2B Jorge Polanco 3B Bo Bichette C Gabriel Moreno OF Corbin Carroll OF A.J. Ewing OF Heriberto Hernandez P Dylan Cease P Christian Scott SS Francisco Lindor,,Alejandro Kirk,C,4.21%,3
71,5220787238,jdjay (2/2),16.19,92.7,1B Tim Tawa 2B Jorge Polanco 3B Bo Bichette C Gabriel Moreno OF Corbin Carroll OF A.J. Ewing OF Heriberto Hernandez P Dylan Cease P Christian Scott SS Francisco Lindor,,Manny Machado,3B,4.04%,0
73,5220788075,d9144 (11/12),25.84,92.6,1B Josh Bell 2B Kody Clemens 3B Bo Bichette C Luis Torrens OF Byron Buxton OF Carson Benge OF A.J. Ewing P Ryan Weathers P Christian Scott SS Francisco Lindor,,Munetaka Murakami,1B,4.04%,16
74,5220784527,neterka (2/2),23.01,92.55,1B Jared Young 2B Brett Baty 3B Bryson Stott C Rafael Flores Jr. OF Corbin Carroll OF Heriberto Hernandez OF Esteury Ruiz P Dylan Cease P Eury Perez SS Francisco Lindor,,George Springer,OF,3.87%,0
74,5220785807,Jeter2333 (6/17),18.01,92.55,1B Charles McAdoo 2B Ernie Clement 3B Kazuma Okamoto C Gabriel Moreno OF Ronald Acuna Jr. OF George Springer OF Brett Bateman P Dylan Cease P Eury Perez SS Francisco Lindor,,Nick Sogard,2B,3.87%,0
74,5220787949,Jeter2333 (15/17),18.01,92.55,1B Charles McAdoo 2B Ernie Clement 3B Kazuma Okamoto C Gabriel Moreno OF Ronald Acuna Jr. OF George Springer OF Brett Bateman P Dylan Cease P Eury Perez SS Francisco Lindor,,Jarren Duran,OF,3.87%,5
77,5220768815,the_dreamer (1/6),28.16,92.4,1B Josh Bell 2B Royce Lewis 3B Brooks Lee C Luis Torrens OF Byron Buxton OF Kody Clemens OF Carson Benge P Sean Burke P Christian Scott SS Francisco Lindor,,Adley Rutschman,C,3.87%,2
77,5220781240,the_dreamer (4/6),28.16,92.4,1B Josh Bell 2B Royce Lewis 3B Brooks Lee C Luis Torrens OF Byron Buxton OF Kody Clemens OF Carson Benge P Sean Burke P Christian Scott SS Francisco Lindor,,Andrew Painter,P,3.87%,-1.5
77,5220781901,the_dreamer (5/6),28.16,92.4,1B Josh Bell 2B Royce Lewis 3B Brooks Lee C Luis Torrens OF Byron Buxton OF Kody Clemens OF Carson Benge P Sean Burke P Christian Scott SS Francisco Lindor,,Casey Mize,P,3.70%,0
80,5220762945,miguelon11,20.33,91.75,1B Munetaka Murakami 2B Ernie Clement 3B Miguel Vargas C Alejandro Kirk OF Trevor Larnach OF Braden Montgomery OF Tristan Peters P Dylan Cease P Bryce Elder SS Colson Montgomery,,Luke Keaschall,OF,3.70%,2
81,5220788068,d9144 (4/12),28.16,91.7,1B Josh Bell 2B Royce Lewis 3B Jorge Polanco C Luis Torrens OF Byron Buxton OF Trevor Larnach OF Luke Keaschall P Dylan Cease P Christian Scott SS Francisco Lindor,,Brooks Lee,3B,3.70%,20
81,5220788066,d9144 (2/12),26.01,91.7,1B Jared Young 2B Bryson Stott 3B Eugenio Suarez C Gabriel Moreno OF Corbin Carroll OF Heriberto Hernandez OF Steven Kwan P Dylan Cease P Christian Scott SS Francisco Lindor,,Sal Stewart,1B,3.54%,0
81,5220764841,pdt13 (6/17),20.01,91.7,1B Jared Young 2B Jorge Polanco 3B Eugenio Suarez C Agustin Ramirez OF Byron Buxton OF Corbin Carroll OF Esteury Ruiz P Dylan Cease P Christian Scott SS Francisco Lindor,,Jose Ramirez,3B,3.54%,0
81,5220756744,cha457 (6/17),18.34,91.7,1B Matt Olson 2B Xavier Edwards 3B Eugenio Suarez C Agustin Ramirez OF Heriberto Hernandez OF Esteury Ruiz OF Mike Yastrzemski P Dylan Cease P Christian Scott SS Otto Lopez,,Alec Bohm,1B,3.54%,0
85,5220775486,Stree (6/12),19.51,91.6,1B Matt Olson 2B Xavier Edwards 3B Leo Jimenez C Agustin Ramirez OF Ronald Acuna Jr. OF Michael Harris II OF Javier Sanoja P Ryan Weathers P Christian Scott SS Otto Lopez,,Bryce Elder,P,3.37%,18.5
86,5220752890,GGHOSTMANH (16/17),30.49,91.55,1B Kyle Schwarber 2B Anthony Seigler 3B Bryson Stott C Connor Wong OF Ceddanne Rafaela OF Jarren Duran OF Edmundo Sosa P Dylan Cease P Eury Perez SS Andruw Monasterio,,Miguel Vargas,3B,3.20%,0
86,5220754158,KizrBr (1/5),27.17,91.55,1B Josh Bell 2B Royce Lewis 3B Jorge Polanco C Henry Davis OF Kody Clemens OF Carson Benge OF Luis Robert Jr. P Dylan Cease P Eury Perez SS Francisco Lindor,,Leo Jimenez,3B,3.03%,3
86,5220787131,KizrBr (4/5),27.17,91.55,1B Josh Bell 2B Royce Lewis 3B Jorge Polanco C Henry Davis OF Kody Clemens OF Carson Benge OF Luis Robert Jr. P Dylan Cease P Eury Perez SS Francisco Lindor,,Kody Clemens,2B,3.03%,19
86,5220756753,cha457 (15/17),20.35,91.55,1B Jared Young 2B Xavier Edwards 3B Jorge Polanco C Agustin Ramirez OF Corbin Carroll OF Esteury Ruiz OF Luis Robert Jr. P Dylan Cease P Eury Perez SS Francisco Lindor,,Brett Baty,2B,3.03%,7
86,5220751795,Wanna_Square_Up1567 (15/17),17.36,91.55,1B Abimelec Ortiz 2B Ketel Marte 3B Jorge Polanco C Gabriel Moreno OF Corbin Carroll OF Daylen Lile OF Jorge Barrosa P Dylan Cease P Eury Perez SS Geraldo Perdomo,,Drew Romo,C,3.03%,16
86,5220752876,GGHOSTMANH (2/17),17.36,91.55,1B Abimelec Ortiz 2B Ketel Marte 3B Jorge Polanco C Gabriel Moreno OF Corbin Carroll OF A.J. Ewing OF Tim Tawa P Dylan Cease P Eury Perez SS Geraldo Perdomo,,JJ Bleday,OF,2.86%,2
86,5220770051,kyleorso (7/17),14.17,91.55,1B Kazuma Okamoto 2B Jose Caballero 3B Ryan McMahon C Keibert Ruiz OF Trent Grisham OF Spencer Jones OF Jorge Barrosa P Dylan Cease P Eury Perez SS George Lombard Jr.,,Jorge Barrosa,OF,2.86%,0
93,5220780038,wardsound (2/4),31.34,91.45,1B Ty France 2B Luis Arraez 3B Nolan Arenado C Gabriel Moreno OF Esmerlyn Valdez OF Braden Montgomery OF Brett Bateman P Eury Perez P Ryan Weathers SS Francisco Lindor,,Bryce Harper,1B,2.86%,0
94,5220770128,yaya0130,35,90.7,1B Ty France 2B Jose Caballero 3B Manny Machado C Gabriel Moreno OF Wilyer Abreu OF Trent Grisham OF Spencer Jones P Dylan Cease P Dean Kremer SS George Lombard Jr.,,Brian Navarreto,C,2.86%,0
94,5220785467,Dreak01,28.67,90.7,1B Ty France 2B Xavier Edwards 3B Austin Riley C Keibert Ruiz OF Jake Mangum OF Carson Benge OF Jarren Duran P Dylan Cease P Dean Kremer SS Colson Montgomery,,CJ Abrams,SS,2.86%,0
94,5220775064,Darkmen715 (3/17),26.16,90.7,1B Michael Toglia 2B Royce Lewis 3B Jorge Polanco C Alejandro Kirk OF Byron Buxton OF Kody Clemens OF Trevor Larnach P Dylan Cease P Christian Scott SS Francisco Lindor,,Andruw Monasterio,SS,2.86%,0
94,5220787605,drcrc (1/2),25.68,90.7,1B Jared Young 2B Jorge Polanco 3B Nick Yorke C Drake Baldwin OF Byron Buxton OF Corbin Carroll OF Jackson Merrill P Dylan Cease P Christian Scott SS Geraldo Perdomo,,Michael Soroka,P,2.86%,14.55
94,5220753620,XYZee03 (10/17),18.01,90.7,1B Matt Olson 2B Jorge Polanco 3B Javier Sanoja C Agustin Ramirez OF Michael Harris II OF Heriberto Hernandez OF Jakob Marsee P Dylan Cease P Christian Scott SS Otto Lopez,,Nick Lodolo,P,2.69%,12.25
99,5220770470,HypeBigelow,25.19,90.6,1B Jared Young 2B Jake Cronenworth 3B Bo Bichette C Drake Baldwin OF Ronald Acuna Jr. OF Carson Benge OF A.J. Ewing P Ryan Weathers P Christian Scott SS Francisco Lindor,,Daylen Lile,OF,2.69%,4
100,5220783029,dean78904 (1/6),34.67,90.55,1B Munetaka Murakami 2B Jake Cronenworth 3B Miguel Vargas C Drew Romo OF A.J. Ewing OF Andrew Benintendi OF Gavin Sheets P Dylan Cease P Eury Perez SS Colson Montgomery,,Gavin Sheets,OF,2.69%,0
101,5220788022,MoneyMatt711 (3/3),22.51,90.4,1B Jared Young 2B Kody Clemens 3B Javier Sanoja C Agustin Ramirez OF Carson Benge OF A.J. Ewing OF Heriberto Hernandez P Dylan Cease P Ryan Weathers SS Francisco Lindor,,Colson Montgomery,SS,2.69%,8
102,5220770060,kyleorso (16/17),34.66,89.55,1B Kyle Schwarber 2B Kody Clemens 3B Nick Yorke C Brian Navarreto OF Fernando Tatis Jr. OF Corbin Carroll OF Billy Cook P Dylan Cease P Eury Perez SS Kaelen Culpepper,,Esmerlyn Valdez,OF,2.53%,16
102,5220756751,cha457 (13/17),20.68,89.55,1B Abimelec Ortiz 2B Jorge Polanco 3B Bo Bichette C Agustin Ramirez OF Corbin Carroll OF Heriberto Hernandez OF Jakob Marsee P Dylan Cease P Eury Perez SS Otto Lopez,,Brett Baty,OF,2.53%,7
104,5220775490,Stree (10/12),21.18,89.5,1B Kyle Schwarber 2B Jorge Polanco 3B Bryson Stott C Luis Torrens OF Corbin Carroll OF A.J. Ewing OF Brett Baty P Dylan Cease P Nick Lodolo SS Francisco Lindor,,Andrew Benintendi,OF,2.53%,2
105,5220764852,pdt13 (17/17),20.18,88.9,1B Abimelec Ortiz 2B Matt McLain 3B Bo Bichette C Adley Rutschman OF Ronald Acuna Jr. OF A.J. Ewing OF Trevor Larnach P Dylan Cease P Drew Anderson SS Francisco Lindor,,Braden Montgomery,OF,2.53%,3
106,5220754855,TattMoney (1/2),28.01,88.7,1B Rhys Hoskins 2B Brett Baty 3B Bo Bichette C Henry Davis OF Bryan Reynolds OF Brandon Marsh OF A.J. Ewing P Dylan Cease P Christian Scott SS Francisco Lindor,,Charles McAdoo,1B,2.36%,6
106,5220751782,Wanna_Square_Up1567 (2/17),20.17,88.7,1B Matt Olson 2B Bryson Stott 3B Leo Jimenez C Agustin Ramirez OF Michael Harris II OF Heriberto Hernandez OF Javier Sanoja P Dylan Cease P Christian Scott SS Otto Lopez,,Jo Adell,OF,2.36%,0
106,5220751789,Wanna_Square_Up1567 (9/17),17.85,88.7,1B Abimelec Ortiz 2B Ketel Marte 3B Miguel Vargas C Gabriel Moreno OF Corbin Carroll OF Andrew Benintendi OF Tim Tawa P Dylan Cease P Dean Kremer SS Geraldo Perdomo,,J.T. Realmuto,C,2.36%,0
109,5220781573,pigskin23,23.84,88.55,1B Jared Young 2B Royce Lewis 3B Bryson Stott C Gabriel Moreno OF Carson Benge OF Heriberto Hernandez OF Brett Bateman P Dylan Cease P Eury Perez SS Francisco Lindor,,Justin Crawford,OF,2.19%,5
109,5220756742,cha457 (4/17),21.51,88.55,1B Jared Young 2B Xavier Edwards 3B Bo Bichette C Agustin Ramirez OF Heriberto Hernandez OF Esteury Ruiz OF Javier Sanoja P Dylan Cease P Eury Perez SS Francisco Lindor,,Ryan McMahon,3B,2.19%,0
111,5220785841,MoneyMatt711 (1/3),26.67,87.75,1B Royce Lewis 2B Kody Clemens 3B Bo Bichette C Agustin Ramirez OF Carson Benge OF A.J. Ewing OF Trevor Larnach P Eury Perez P Christian Scott SS Francisco Lindor,,Jared Triolo,SS,2.19%,5
112,5220784535,doinky1,18.51,87.6,1B Matt Olson 2B Sam Antonacci 3B Miguel Vargas C Agustin Ramirez OF Michael Harris II OF Andrew Benintendi OF Mike Yastrzemski P Ryan Weathers P Christian Scott SS Colson Montgomery,,Chase Meidroth,2B,2.19%,2
113,5220770056,kyleorso (12/17),29.49,87.55,1B Kyle Schwarber 2B Bryson Stott 3B Nick Yorke C Drew Romo OF Byron Buxton OF Esteury Ruiz OF Billy Cook P Dylan Cease P Eury Perez SS Otto Lopez,,Bryan Reynolds,OF,2.19%,18
113,5220775188,goolie1228 (1/2),23.84,87.55,1B Jared Young 2B Sam Antonacci 3B Jorge Polanco C Agustin Ramirez OF Byron Buxton OF Esteury Ruiz OF Jakob Marsee P Dylan Cease P Eury Perez SS Francisco Lindor,,Ozzie Albies,2B,2.19%,0
113,5220780049,tvielkin (5/7),18.35,87.55,1B Matt Olson 2B Ketel Marte 3B Charles McAdoo C Agustin Ramirez OF Jarren Duran OF Max Kepler OF Tim Tawa P Dylan Cease P Eury Perez SS Geraldo Perdomo,,Edmundo Sosa,OF,2.02%,8
116,5220767648,Johnny_Great (3/3),20.68,87.5,1B Abimelec Ortiz 2B Anthony Seigler 3B Caleb Durbin C Connor Wong OF Dylan Crews OF Ceddanne Rafaela OF Daylen Lile P Dylan Cease P Nick Lodolo SS CJ Abrams,,Austin Riley,3B,2.02%,12
117,5220775487,Stree (7/12),18.52,86.9,1B Jared Young 2B Ketel Marte 3B Bo Bichette C Gabriel Moreno OF Carson Benge OF A.J. Ewing OF Trevor Larnach P Dylan Cease P Drew Anderson SS Francisco Lindor,,Connor Wong,C,2.02%,18
118,5220755201,callanan64,42.309998,86.7,1B Kyle Schwarber 2B Royce Lewis 3B Brooks Lee C Rafael Flores Jr. OF Byron Buxton OF Jo Adell OF Luke Keaschall P Dylan Cease P Dean Kremer SS Kaelen Culpepper,,Xander Bogaerts,SS,2.02%,0
118,5220756750,cha457 (12/17),28.01,86.7,1B Michael Toglia 2B Jake Cronenworth 3B Colt Keith C Agustin Ramirez OF Ronald Acuna Jr. OF Corbin Carroll OF Jackson Merrill P Dylan Cease P Christian Scott SS Geraldo Perdomo,,Trent Grisham,OF,2.02%,0
118,5220775890,jadaruler,26.67,86.7,1B Munetaka Murakami 2B Brandon Lowe 3B Kazuma Okamoto C Rafael Flores Jr. OF Jackson Merrill OF George Springer OF Mike Yastrzemski P Dylan Cease P Christian Scott SS Jared Triolo,,Kazuma Okamoto,3B,2.02%,7
118,5220751790,Wanna_Square_Up1567 (10/17),19.52,86.7,1B Abimelec Ortiz 2B Ketel Marte 3B Javier Sanoja C Gabriel Moreno OF Corbin Carroll OF Dylan Crews OF Tim Tawa P Dylan Cease P Dean Kremer SS Geraldo Perdomo,,George Lombard Jr.,SS,2.02%,14
118,5220756752,cha457 (14/17),15.190001,86.7,1B Jared Young 2B Ketel Marte 3B Jorge Polanco C Agustin Ramirez OF Ronald Acuna Jr. OF Corbin Carroll OF Tim Tawa P Dylan Cease P Christian Scott SS Geraldo Perdomo,,Dominic Smith,1B,2.02%,5
123,5220755170,ivymoose (5/5),40.35,86.55,1B Jared Young 2B Jorge Polanco 3B Jose Ramirez C Luis Torrens OF Chase DeLauter OF Carson Benge OF Steven Kwan P Dylan Cease P Eury Perez SS Francisco Lindor,,Colson Montgomery,3B,2.02%,8
123,5220773449,Thegamejoshyd44 (4/17),32.510002,86.55,1B Jared Young 2B Jake Cronenworth 3B Colson Montgomery C Austin Wells OF Corbin Carroll OF Chase DeLauter OF Jarren Duran P Dylan Cease P Eury Perez SS Francisco Lindor,,Victor Caratini,C,1.85%,0
123,5220773461,Thegamejoshyd44 (9/17),32.510002,86.55,1B Jared Young 2B Jake Cronenworth 3B Colson Montgomery C Austin Wells OF Corbin Carroll OF Chase DeLauter OF Jarren Duran P Dylan Cease P Eury Perez SS Francisco Lindor,,James McCann,C,1.85%,6
123,5220773480,Thegamejoshyd44 (11/17),32.510002,86.55,1B Jared Young 2B Jake Cronenworth 3B Colson Montgomery C Austin Wells OF Corbin Carroll OF Chase DeLauter OF Jarren Duran P Dylan Cease P Eury Perez SS Francisco Lindor,,Javier Baez,SS,1.85%,0
123,5220781799,Thegamejoshyd44 (15/17),32.510002,86.55,1B Jared Young 2B Jake Cronenworth 3B Colson Montgomery C Austin Wells OF Corbin Carroll OF Chase DeLauter OF Jarren Duran P Dylan Cease P Eury Perez SS Francisco Lindor,,Jake Irvin,P,1.85%,10.9
123,5220752877,GGHOSTMANH (3/17),30.84,86.55,1B Jared Young 2B Nick Sogard 3B Caleb Durbin C Connor Wong OF Wilyer Abreu OF Ceddanne Rafaela OF Gavin Sheets P Dylan Cease P Eury Perez SS Francisco Lindor,,Ben Rice,C,1.85%,0
123,5220766658,blitzburgh07 (1/2),25.33,86.55,1B Josh Bell 2B Bryson Stott 3B Brooks Lee C Rafael Flores Jr. OF A.J. Ewing OF Heriberto Hernandez OF Andrew Benintendi P Dylan Cease P Eury Perez SS Francisco Lindor,,Miguel Vargas,1B,1.85%,0
130,5220764931,GHROSS (6/6),24.85,85.85,1B Ty France 2B Ketel Marte 3B Nolan Arenado C Gabriel Moreno OF Corbin Carroll OF Ceddanne Rafaela OF Tim Tawa P Eury Perez P Michael Soroka SS George Lombard Jr.,,Ernie Clement,2B,1.85%,0
131,5220785815,Jeter2333 (14/17),14.860001,85.7,1B Jared Young 2B Ketel Marte 3B Jorge Polanco C Gabriel Moreno OF Corbin Carroll OF A.J. Ewing OF Max Kepler P Dylan Cease P Christian Scott SS Geraldo Perdomo,,Jorbit Vivas,2B,1.85%,7
132,5220788067,d9144 (3/12),37.85,85.55,1B Dominic Smith 2B Jake Cronenworth 3B Austin Riley C Drake Baldwin OF Michael Harris II OF Jackson Merrill OF Mike Yastrzemski P Dylan Cease P Eury Perez SS Xander Bogaerts,,Jared Triolo,3B,1.68%,5
132,5220754152,JERKER19 (3/5),28.99,85.55,1B Kyle Schwarber 2B Bryson Stott 3B Charles McAdoo C Luis Torrens OF Bryce Harper OF Brandon Marsh OF Daz Cameron P Dylan Cease P Eury Perez SS Jared Triolo,,Tanner Bibee,P,1.68%,0
132,5220752483,bengra99,22.18,85.55,1B Jared Young 2B Bryson Stott 3B Jorge Polanco C Agustin Ramirez OF Corbin Carroll OF A.J. Ewing OF Heriberto Hernandez P Dylan Cease P Eury Perez SS Francisco Lindor,,Luis Rengifo,OF,1.68%,0
132,5220766239,Casey0504 (1/2),22.18,85.55,1B Jared Young 2B Jorge Polanco 3B Bryson Stott C Agustin Ramirez OF Corbin Carroll OF A.J. Ewing OF Heriberto Hernandez P Dylan Cease P Eury Perez SS Francisco Lindor,,Kazuma Okamoto,1B,1.68%,7
132,5220776057,Casey0504 (2/2),22.18,85.55,1B Jared Young 2B Jorge Polanco 3B Bryson Stott C Agustin Ramirez OF Corbin Carroll OF A.J. Ewing OF Heriberto Hernandez P Dylan Cease P Eury Perez SS Francisco Lindor,,Royce Lewis,1B,1.68%,7
132,5220787861,blindman24 (2/2),21.68,85.55,1B Abimelec Ortiz 2B Jorge Polanco 3B Javier Sanoja C Agustin Ramirez OF Byron Buxton OF Corbin Carroll OF Tim Tawa P Dylan Cease P Eury Perez SS Francisco Lindor,,Spencer Jones,OF,1.68%,0
132,5220785092,harshreality18 (2/4),20.35,85.55,1B Jared Young 2B Xavier Edwards 3B Jorge Polanco C Agustin Ramirez OF Corbin Carroll OF Heriberto Hernandez OF Luis Robert Jr. P Dylan Cease P Eury Perez SS Francisco Lindor,,Sam Antonacci,OF,1.52%,6
132,5220785097,harshreality18 (4/4),20.35,85.55,1B Jared Young 2B Xavier Edwards 3B Jorge Polanco C Agustin Ramirez OF Corbin Carroll OF Heriberto Hernandez OF Luis Robert Jr. P Dylan Cease P Eury Perez SS Francisco Lindor,,Nathaniel Lowe,1B,1.52%,0
132,5220775482,Stree (2/12),17.36,85.55,1B Jared Young 2B Ketel Marte 3B Jorge Polanco C Gabriel Moreno OF Corbin Carroll OF Carson Benge OF Jorge Barrosa P Dylan Cease P Eury Perez SS Geraldo Perdomo,,Freddy Fermin,C,1.52%,0
141,5220776594,peteram (2/2),32.010002,85.45,1B Munetaka Murakami 2B Sam Antonacci 3B Miguel Vargas C Luis Torrens OF A.J. Ewing OF Luis Robert Jr. OF Steven Kwan P Eury Perez P Ryan Weathers SS Colson Montgomery,,Dylan Crews,OF,1.35%,0
142,5220763757,GHROSS (4/6),25.52,85.3,1B Matt Olson 2B Ozzie Albies 3B Austin Riley C Drake Baldwin OF Michael Harris II OF Brett Bateman OF Daz Cameron P Eury Perez P Casey Mize SS Geraldo Perdomo,,Kevin McGonigle,3B,1.35%,2
143,5220788065,d9144 (1/12),21.84,85.2,1B Jared Young 2B Bryson Stott 3B Brooks Lee C Gabriel Moreno OF A.J. Ewing OF Heriberto Hernandez OF Javier Sanoja P Dylan Cease P Sean Burke SS Francisco Lindor,,Henry Davis,C,1.35%,2
144,5220779871,snowman17.5,47.010002,84.8,1B Rhys Hoskins 2B Jorge Polanco 3B Jose Ramirez C Gabriel Moreno OF Ronald Acuna Jr. OF Esmerlyn Valdez OF Chase DeLauter P Eury Perez P Bryce Elder SS Brayan Rocchio,,Jose Caballero,2B,1.35%,14
144,5220775091,rjames47 (1/2),22.17,84.8,1B Munetaka Murakami 2B Sam Antonacci 3B Caleb Durbin C Drew Romo OF Ceddanne Rafaela OF A.J. Ewing OF George Springer P Dylan Cease P Michael Soroka SS Javier Baez,,Brady House,3B,1.35%,2
146,5220780255,nrd53920 (3/6),35.010002,84.75,1B Matt Olson 2B Jake Cronenworth 3B Alec Bohm C Drake Baldwin OF Ronald Acuna Jr. OF Michael Harris II OF Mike Yastrzemski P Dylan Cease P Andrew Painter SS Xander Bogaerts,,Nick Yorke,3B,1.35%,7
146,5220776569,DVaughnKing (1/2),30,84.75,1B Matt Olson 2B Brett Baty 3B Alec Bohm C Austin Wells OF Bryce Harper OF Fernando Tatis Jr. OF Corbin Carroll P Eury Perez P Christian Scott SS Edmundo Sosa,,Dominic Smith,OF,1.35%,5
146,5220776792,DVaughnKing (2/2),30,84.75,1B Matt Olson 2B Brett Baty 3B Alec Bohm C Austin Wells OF Bryce Harper OF Fernando Tatis Jr. OF Corbin Carroll P Eury Perez P Christian Scott SS Edmundo Sosa,,Zach McKinstry,OF,1.18%,4
146,5220774070,Sillo82,28.66,84.75,1B Kyle Schwarber 2B Jake Cronenworth 3B Charles McAdoo C Adley Rutschman OF Wilyer Abreu OF Kody Clemens OF Andrew Benintendi P Dylan Cease P Bryce Elder SS Jared Triolo,,Billy Cook,OF,1.18%,2
150,5220787390,FantasyCrusader (8/8),15.19,84.7,1B Jared Young 2B Ketel Marte 3B Charles McAdoo C Gabriel Moreno OF Corbin Carroll OF Carson Benge OF Luis Robert Jr. P Dylan Cease P Christian Scott SS Geraldo Perdomo,,Nick Sogard,1B,1.18%,0
151,5220751791,Wanna_Square_Up1567 (11/17),31.02,84.55,1B Abimelec Ortiz 2B Jake Cronenworth 3B Manny Machado C Gabriel Moreno OF Corbin Carroll OF Max Kepler OF Tim Tawa P Dylan Cease P Eury Perez SS Geraldo Perdomo,,Austin Wells,C,1.18%,0
151,5220779803,cshap327,24.01,84.55,1B Josh Bell 2B Chase Meidroth 3B Bo Bichette C Rafael Flores Jr. OF Bryan Reynolds OF Carson Benge OF Luis Robert Jr. P Dylan Cease P Eury Perez SS Jim Jarvis,,Jake Mangum,OF,1.01%,5
151,5220764848,pdt13 (13/17),22.01,84.55,1B Nick Yorke 2B Bryson Stott 3B Javier Sanoja C Gabriel Moreno OF Corbin Carroll OF Heriberto Hernandez OF Mike Yastrzemski P Dylan Cease P Eury Perez SS Francisco Lindor,,Anthony Seigler,2B,1.01%,9
151,5220756740,cha457 (2/17),21.51,84.55,1B Abimelec Ortiz 2B Xavier Edwards 3B Brady House C Agustin Ramirez OF Daylen Lile OF Heriberto Hernandez OF Esteury Ruiz P Dylan Cease P Eury Perez SS Otto Lopez,,Daz Cameron,OF,1.01%,7
151,5220781042,JERKER19 (5/5),21.5,84.55,1B Munetaka Murakami 2B Sam Antonacci 3B Javier Sanoja C Agustin Ramirez OF Braden Montgomery OF Andrew Benintendi OF Brett Bateman P Dylan Cease P Eury Perez SS Colson Montgomery,,Rhys Hoskins,1B,1.01%,0
151,5220751784,Wanna_Square_Up1567 (4/17),20.51,84.55,1B Abimelec Ortiz 2B Xavier Edwards 3B Leo Jimenez C Agustin Ramirez OF Corbin Carroll OF Esteury Ruiz OF Javier Sanoja P Dylan Cease P Eury Perez SS Geraldo Perdomo,,Colt Keith,3B,1.01%,19
157,5220763756,GHROSS (3/6),26.85,84.3,1B Matt Olson 2B Ozzie Albies 3B Austin Riley C Drake Baldwin OF Ceddanne Rafaela OF Mike Yastrzemski OF Brett Bateman P Eury Perez P Casey Mize SS George Lombard Jr.,,Jim Jarvis,SS,1.01%,3
158,5220783600,rjames47 (2/2),28.67,83.8,1B Munetaka Murakami 2B Sam Antonacci 3B Bryson Stott C Connor Wong OF Carson Benge OF A.J. Ewing OF George Springer P Dylan Cease P Michael Soroka SS Brayan Rocchio,,TJ Friedl,OF,0.84%,0
159,5220764837,pdt13 (2/17),19.68,83.7,1B Jared Young 2B Jorge Polanco 3B Eugenio Suarez C Agustin Ramirez OF Byron Buxton OF Corbin Carroll OF Luis Robert Jr. P Dylan Cease P Christian Scott SS Francisco Lindor,,Gleyber Torres,2B,0.84%,3
159,5220749469,Gronkowski69 (3/12),17.52,83.7,1B Sal Stewart 2B Jorge Polanco 3B Eugenio Suarez C Gabriel Moreno OF Carson Benge OF A.J. Ewing OF Brett Baty P Dylan Cease P Christian Scott SS Francisco Lindor,,Keibert Ruiz,C,0.84%,10
161,5220775133,TheDeebz,32,83.6,1B Royce Lewis 2B Ozzie Albies 3B Bo Bichette C Keibert Ruiz OF Ceddanne Rafaela OF Esmerlyn Valdez OF Jackson Merrill P Ryan Weathers P Dean Kremer SS Otto Lopez,,Brayan Rocchio,SS,0.84%,0
162,5220785721,jterryn,28.68,83.55,1B Jared Young 2B Jake Cronenworth 3B Bo Bichette C Alejandro Kirk OF Carson Benge OF A.J. Ewing OF Trevor Larnach P Dylan Cease P Eury Perez SS Francisco Lindor,,Brandon Lowe,2B,0.67%,12
162,5220770055,kyleorso (11/17),28.01,83.55,1B Jared Young 2B Brett Baty 3B Manny Machado C Brian Navarreto OF Ronald Acuna Jr. OF Heriberto Hernandez OF Billy Cook P Dylan Cease P Eury Perez SS Elly De La Cruz,,Luis Garcia Jr.,1B,0.67%,2
164,5220751788,Wanna_Square_Up1567 (8/17),14.19,83.5,1B Michael Toglia 2B Ketel Marte 3B Nolan Arenado C Gabriel Moreno OF Corbin Carroll OF Michael Harris II OF Mike Yastrzemski P Dylan Cease P Nick Lodolo SS Geraldo Perdomo,,Tristan Peters,OF,0.67%,11
165,5220788074,d9144 (10/12),17.86,83.45,1B Tim Tawa 2B Ozzie Albies 3B Nolan Arenado C Gabriel Moreno OF Corbin Carroll OF Michael Harris II OF Mike Yastrzemski P Eury Perez P Ryan Weathers SS Geraldo Perdomo,,Andres Gimenez,SS,0.67%,0
166,5220774574,elipin,25.17,83.25,1B Josh Bell 2B Kody Clemens 3B Charles McAdoo C Rafael Flores Jr. OF Corbin Carroll OF Esmerlyn Valdez OF Carson Benge P Sean Burke P Eury Perez SS Francisco Lindor,,Nick Yorke,1B,0.51%,7
166,5220784506,statis.official (8/12),23.84,83.25,1B Munetaka Murakami 2B Bryson Stott 3B Nolan Arenado C Gabriel Moreno OF Esteury Ruiz OF Luke Keaschall OF Tim Tawa P Sean Burke P Eury Perez SS Francisco Lindor,,Spencer Torkelson,1B,0.51%,2
168,5220785810,Jeter2333 (9/17),19.69,82.75,1B Jared Young 2B Ketel Marte 3B Nolan Arenado C Gabriel Moreno OF Corbin Carroll OF Carson Benge OF A.J. Ewing P Dylan Cease P Andrew Painter SS Francisco Lindor,,Jacob Young,OF,0.51%,3
169,5220784668,pkellen (1/3),29.15,82.7,1B Josh Bell 2B Royce Lewis 3B Javier Sanoja C Agustin Ramirez OF Byron Buxton OF Kody Clemens OF Heriberto Hernandez P Dylan Cease P Christian Scott SS Kaelen Culpepper,,Ke'Bryan Hayes,3B,0.51%,2
169,5220763795,greenmagic22,26.34,82.7,1B Charles McAdoo 2B Jake Cronenworth 3B Jared Triolo C Brian Navarreto OF Ronald Acuna Jr. OF Byron Buxton OF Corbin Carroll P Dylan Cease P Christian Scott SS Francisco Lindor,,Kevin McGonigle,SS,0.51%,2
169,5220754849,Yossarian230,22.01,82.7,1B Abimelec Ortiz 2B Ketel Marte 3B Miguel Vargas C Agustin Ramirez OF Corbin Carroll OF Heriberto Hernandez OF Brett Bateman P Dylan Cease P Dean Kremer SS Francisco Lindor,,Travis Bazzana,2B,0.51%,0
169,5220787606,drcrc (2/2),20.84,82.7,1B Jared Young 2B Sam Antonacci 3B Nick Yorke C Agustin Ramirez OF Byron Buxton OF Corbin Carroll OF Heriberto Hernandez P Dylan Cease P Christian Scott SS Geraldo Perdomo,,Rafael Flores Jr.,1B,0.51%,2
169,5220753619,XYZee03 (9/17),19.34,82.7,1B Jared Young 2B Gleyber Torres 3B Leo Jimenez C Agustin Ramirez OF Ronald Acuna Jr. OF Heriberto Hernandez OF Jakob Marsee P Dylan Cease P Christian Scott SS Otto Lopez,,Javier Baez,OF,0.34%,0
174,5220753177,tfamularo (4/4),29.85,82.45,1B Matt Olson 2B Brett Baty 3B Ryan McMahon C Drake Baldwin OF Ronald Acuna Jr. OF Luis Rengifo OF Javier Sanoja P Casey Mize P Christian Scott SS Francisco Lindor,,Hunter Barco,P,0.34%,6.95
175,5220764123,etals61,18.51,82.2,1B Josh Bell 2B Jose Caballero 3B Eugenio Suarez C Gabriel Moreno OF A.J. Ewing OF Heliot Ramos OF Jacob Young P Dylan Cease P Sean Burke SS Geraldo Perdomo,,Heliot Ramos,OF,0.34%,12
175,5220782830,nealcassady,17.68,82.2,1B Jared Young 2B Sam Antonacci 3B Bo Bichette C Drew Romo OF Carson Benge OF Braden Montgomery OF Andrew Benintendi P Dylan Cease P Sean Burke SS Francisco Lindor,,Jose Caballero,SS,0.34%,14
177,5220769488,JGLspeaks (1/5),34.64,81.7,1B Bryce Harper 2B Luis Arraez 3B Bryson Stott C Victor Caratini OF Kody Clemens OF Trevor Larnach OF Justin Crawford P Dylan Cease P Christian Scott SS Edmundo Sosa,,Louis Varland,P,0.34%,0
177,5220779126,mollyballs,27.16,81.7,1B Josh Bell 2B Ozzie Albies 3B Bo Bichette C Victor Caratini OF Byron Buxton OF Kody Clemens OF Luke Keaschall P Dylan Cease P Christian Scott SS Jim Jarvis,,Ben Rice,1B,0.34%,0
177,5220751785,Wanna_Square_Up1567 (5/17),15.19,81.7,1B Jared Young 2B Ketel Marte 3B Leo Jimenez C Gabriel Moreno OF Corbin Carroll OF Carson Benge OF Max Kepler P Dylan Cease P Christian Scott SS Geraldo Perdomo,,Dillon Dingler,C,0.17%,2
180,5220755168,ivymoose (3/5),21.02,81.55,1B Jared Young 2B Brett Baty 3B Miguel Vargas C James McCann OF Carson Benge OF Braden Montgomery OF Luis Robert Jr. P Dylan Cease P Eury Perez SS Francisco Lindor,,Braydon Fisher,P,0.17%,0
181,5220752885,GGHOSTMANH (11/17),23.02,81.45,1B Jared Young 2B Jorge Polanco 3B Miguel Vargas C Gabriel Moreno OF Sam Antonacci OF Carson Benge OF Luis Robert Jr. P Eury Perez P Ryan Weathers SS Francisco Lindor,,Andrew Morris,P,0.17%,0
182,5220768747,jbeamr5,29,81.4,1B Royce Lewis 2B Chase Meidroth 3B Bo Bichette C Luis Torrens OF Byron Buxton OF Kody Clemens OF Carson Benge P Sean Burke P Dean Kremer SS Francisco Lindor,,Mason Miller,P,0.17%,0
183,5220782404,gogochuck,26.99,81.15,1B Kyle Schwarber 2B Bryson Stott 3B Kazuma Okamoto C Rafael Flores Jr. OF Bryce Harper OF Esmerlyn Valdez OF Dominic Smith P Dylan Cease P Jake Irvin SS Edmundo Sosa,,Myles Straw,OF,0.17%,2
184,5220754303,rendonraiders,21.51,80.75,1B Josh Bell 2B Chase Meidroth 3B Caleb Durbin C Drake Baldwin OF Daylen Lile OF Carson Benge OF A.J. Ewing P Dylan Cease P Bryce Elder SS Jared Triolo,,Cade Gibson,P,0.17%,0
185,5220771603,FantasyCrusader (2/8),23.84,80.7,1B Josh Bell 2B Ketel Marte 3B Javier Sanoja C Gabriel Moreno OF Corbin Carroll OF Trevor Larnach OF Max Kepler P Dylan Cease P Dean Kremer SS Geraldo Perdomo,,Kody Funderburk,P,0.17%,0
185,5220764847,pdt13 (12/17),22.66,80.7,1B Bryce Harper 2B Bryson Stott 3B Colt Keith C Agustin Ramirez OF Trevor Larnach OF Heriberto Hernandez OF TJ Friedl P Dylan Cease P Christian Scott SS Francisco Lindor,,Isaac Mattson,P,0.17%,0
185,5220775959,blindman24 (1/2),19.18,80.7,1B Jared Young 2B Jorge Polanco 3B Bo Bichette C Agustin Ramirez OF Byron Buxton OF Corbin Carroll OF Jakob Marsee P Dylan Cease P Christian Scott SS Geraldo Perdomo,,Mason Montgomery,P,0.17%,0
185,5220753622,XYZee03 (12/17),19.01,80.7,1B Jared Young 2B Xavier Edwards 3B Javier Sanoja C Agustin Ramirez OF A.J. Ewing OF Heriberto Hernandez OF Esteury Ruiz P Dylan Cease P Christian Scott SS Francisco Lindor,,Lake Bachar,P,0.17%,12.95
185,5220775062,Darkmen715 (1/17),17.35,80.7,1B Kazuma Okamoto 2B Jorge Polanco 3B Bryson Stott C Gabriel Moreno OF Corbin Carroll OF A.J. Ewing OF Max Kepler P Dylan Cease P Christian Scott SS Geraldo Perdomo,,Austin Hedges,C,0.17%,0
190,5220756746,cha457 (8/17),23.18,80.55,1B Jared Young 2B Brett Baty 3B Jorge Polanco C Agustin Ramirez OF Byron Buxton OF Ceddanne Rafaela OF Luis Robert Jr. P Dylan Cease P Eury Perez SS Francisco Lindor,,Victor Caratini,1B,0.17%,0
190,5220756743,cha457 (5/17),22.67,80.55,1B Charles McAdoo 2B Bryson Stott 3B Javier Sanoja C Agustin Ramirez OF Corbin Carroll OF Heriberto Hernandez OF Esteury Ruiz P Dylan Cease P Eury Perez SS Francisco Lindor,,,
190,5220753614,XYZee03 (4/17),21.51,80.55,1B Jared Young 2B Xavier Edwards 3B Javier Sanoja C Agustin Ramirez OF Carson Benge OF Heriberto Hernandez OF Esteury Ruiz P Dylan Cease P Eury Perez SS Francisco Lindor,,,
190,5220772589,iamtherealdraftking (2/3),21.18,80.55,1B Jared Young 2B Nick Sogard 3B Javier Sanoja C Agustin Ramirez OF Corbin Carroll OF A.J. Ewing OF Heriberto Hernandez P Dylan Cease P Eury Perez SS Francisco Lindor,,,
194,5220783126,nrd53920 (4/6),20.51,80.5,1B Munetaka Murakami 2B Sam Antonacci 3B Miguel Vargas C James McCann OF Braden Montgomery OF Luis Robert Jr. OF Tim Tawa P Dylan Cease P Nick Lodolo SS Colson Montgomery,,,
195,5220785023,rizen84,24.34,80.25,1B Matt Olson 2B Ernie Clement 3B Kazuma Okamoto C Gabriel Moreno OF Jarren Duran OF George Springer OF Andrew Benintendi P Dylan Cease P Casey Mize SS Javier Baez,,,
196,5220781756,barrencastle,24.17,80.2,1B Jared Young 2B Bryson Stott 3B Brooks Lee C Victor Caratini OF Bryan Reynolds OF Carson Benge OF A.J. Ewing P Dylan Cease P Sean Burke SS Geraldo Perdomo,,,
197,5220772573,TheMafia99,21.18,79.95,1B Matt Olson 2B Luis Arraez 3B Kazuma Okamoto C Drake Baldwin OF Corbin Carroll OF Michael Harris II OF A.J. Ewing P Christian Scott P Andrew Painter SS Geraldo Perdomo,,,
198,5220776018,brandonabk (2/4),21.01,79.7,1B Jared Young 2B Sam Antonacci 3B Jorge Polanco C Agustin Ramirez OF Byron Buxton OF Heriberto Hernandez OF Luis Robert Jr. P Dylan Cease P Christian Scott SS Francisco Lindor,,,
198,5220766602,tvielkin (1/7),19.84,79.7,1B Munetaka Murakami 2B Xavier Edwards 3B Leo Jimenez C Agustin Ramirez OF A.J. Ewing OF Heriberto Hernandez OF Javier Sanoja P Dylan Cease P Christian Scott SS Francisco Lindor,,,
198,5220752881,GGHOSTMANH (7/17),15.860001,79.7,1B Tim Tawa 2B Ketel Marte 3B Bo Bichette C Luis Torrens OF Carson Benge OF A.J. Ewing OF Max Kepler P Dylan Cease P Christian Scott SS Francisco Lindor,,,
201,5220766148,eagles1980,34.83,79.55,1B Kyle Schwarber 2B Jorge Polanco 3B Nick Yorke C Drew Romo OF Bryce Harper OF Brandon Marsh OF Carson Benge P Dylan Cease P Eury Perez SS Xander Bogaerts,,,
201,5220773447,Thegamejoshyd44 (2/17),23.51,79.55,1B Jared Young 2B Sam Antonacci 3B Jorge Polanco C Agustin Ramirez OF Byron Buxton OF Luis Robert Jr. OF Jakob Marsee P Dylan Cease P Eury Perez SS Francisco Lindor,,,
201,5220773459,Thegamejoshyd44 (7/17),23.51,79.55,1B Jared Young 2B Sam Antonacci 3B Jorge Polanco C Agustin Ramirez OF Byron Buxton OF Luis Robert Jr. OF Jakob Marsee P Dylan Cease P Eury Perez SS Francisco Lindor,,,
201,5220781797,Thegamejoshyd44 (13/17),23.51,79.55,1B Jared Young 2B Sam Antonacci 3B Jorge Polanco C Agustin Ramirez OF Byron Buxton OF Luis Robert Jr. OF Jakob Marsee P Dylan Cease P Eury Perez SS Francisco Lindor,,,
201,5220756741,cha457 (3/17),21.01,79.55,1B Jared Young 2B Xavier Edwards 3B Leo Jimenez C Agustin Ramirez OF Corbin Carroll OF Heriberto Hernandez OF Luis Robert Jr. P Dylan Cease P Eury Perez SS Otto Lopez,,,
206,5220780632,wlfball (2/2),29.65,79,1B Kyle Schwarber 2B Bryson Stott 3B Brooks Lee C Drake Baldwin OF Bryce Harper OF Brandon Marsh OF Brett Bateman P Michael Soroka P Christian Scott SS Edmundo Sosa,,,
207,5220778345,Link2121,30.33,78.75,1B Spencer Torkelson 2B Chase Meidroth 3B Brooks Lee C Adley Rutschman OF Chase DeLauter OF Jarren Duran OF Brett Bateman P Dylan Cease P Bryce Elder SS Kevin McGonigle,,,
207,5220767697,TRUESandVOGUES (2/2),19.84,78.75,1B Kazuma Okamoto 2B Xavier Edwards 3B Caleb Durbin C Drake Baldwin OF Jarren Duran OF A.J. Ewing OF Jakob Marsee P Dylan Cease P Bryce Elder SS Andruw Monasterio,,,
209,5220751796,Wanna_Square_Up1567 (16/17),32.68,78.7,1B Tim Tawa 2B Ketel Marte 3B Charles McAdoo C Gabriel Moreno OF Fernando Tatis Jr. OF Corbin Carroll OF Gavin Sheets P Dylan Cease P Dean Kremer SS Geraldo Perdomo,,,
209,5220787132,KizrBr (5/5),24,78.7,1B Kyle Schwarber 2B Ketel Marte 3B Bryson Stott C Gabriel Moreno OF Justin Crawford OF Tim Tawa OF Edmundo Sosa P Dylan Cease P Christian Scott SS Geraldo Perdomo,,,
209,5220751792,Wanna_Square_Up1567 (12/17),19.68,78.7,1B Charles McAdoo 2B Ketel Marte 3B Javier Sanoja C Gabriel Moreno OF Corbin Carroll OF Heriberto Hernandez OF Max Kepler P Dylan Cease P Dean Kremer SS Geraldo Perdomo,,,
209,5220753624,XYZee03 (14/17),19.01,78.7,1B Jared Young 2B Xavier Edwards 3B Javier Sanoja C Agustin Ramirez OF Carson Benge OF Heriberto Hernandez OF Esteury Ruiz P Dylan Cease P Christian Scott SS Francisco Lindor,,,
209,5220751786,Wanna_Square_Up1567 (6/17),15.19,78.7,1B Jared Young 2B Ketel Marte 3B Javier Sanoja C Gabriel Moreno OF Corbin Carroll OF Carson Benge OF Jorge Barrosa P Dylan Cease P Christian Scott SS Geraldo Perdomo,,,
214,5220780072,Jessecoop9,29.51,78.55,1B Jared Young 2B Jorge Polanco 3B Jared Triolo C Agustin Ramirez OF Byron Buxton OF Fernando Tatis Jr. OF Mike Yastrzemski P Dylan Cease P Eury Perez SS Francisco Lindor,,,
214,5220771999,WindCrest,23.34,78.55,1B Jared Young 2B Nick Sogard 3B Bryson Stott C Agustin Ramirez OF Corbin Carroll OF Heriberto Hernandez OF Javier Sanoja P Dylan Cease P Eury Perez SS Francisco Lindor,,,
214,5220772582,iamtherealdraftking (1/3),23.34,78.55,1B Jared Young 2B Nick Sogard 3B Bryson Stott C Agustin Ramirez OF Corbin Carroll OF Heriberto Hernandez OF Javier Sanoja P Dylan Cease P Eury Perez SS Francisco Lindor,,,
214,5220781015,iamtherealdraftking (3/3),21.18,78.55,1B Jared Young 2B Nick Sogard 3B Javier Sanoja C Agustin Ramirez OF Corbin Carroll OF Carson Benge OF Heriberto Hernandez P Dylan Cease P Eury Perez SS Francisco Lindor,,,
214,5220768951,tvielkin (2/7),20.35,78.55,1B Kazuma Okamoto 2B Brett Baty 3B Bo Bichette C Agustin Ramirez OF Carson Benge OF Luis Robert Jr. OF Javier Sanoja P Dylan Cease P Eury Perez SS Francisco Lindor,,,
219,5220781944,jakethesnake83,22.34,78.45,1B Munetaka Murakami 2B Xavier Edwards 3B Bo Bichette C Agustin Ramirez OF Braden Montgomery OF Andrew Benintendi OF Javier Sanoja P Eury Perez P Ryan Weathers SS Francisco Lindor,,,
220,5220788072,d9144 (8/12),29.16,78.25,1B Josh Bell 2B Royce Lewis 3B Brooks Lee C Gabriel Moreno OF Byron Buxton OF Corbin Carroll OF Tim Tawa P Sean Burke P Eury Perez SS Kaelen Culpepper,,,
221,5220764889,iceberger4,37.82,77.75,1B Matt Olson 2B Luis Arraez 3B Alec Bohm C Agustin Ramirez OF Bryce Harper OF Esmerlyn Valdez OF Edmundo Sosa P Dylan Cease P Andrew Painter SS Brayan Rocchio,,,
222,5220776370,Jimbobwae42,25.68,77.7,1B Miguel Vargas 2B Ketel Marte 3B Alec Bohm C Luis Torrens OF Corbin Carroll OF Steven Kwan OF Tim Tawa P Dylan Cease P Christian Scott SS Francisco Lindor,,,
222,5220770045,kyleorso (1/17),22.34,77.7,1B Jared Young 2B Bryson Stott 3B Javier Sanoja C Luis Torrens OF Bryce Harper OF Carson Benge OF A.J. Ewing P Dylan Cease P Christian Scott SS Otto Lopez,,,
224,5220752879,GGHOSTMANH (5/17),51.15,77.55,1B Josh Bell 2B Kody Clemens 3B Jose Ramirez C Victor Caratini OF Trevor Larnach OF Jo Adell OF Steven Kwan P Dylan Cease P Eury Perez SS Kaelen Culpepper,,,
224,5220775128,stlcards20,28.01,77.55,1B Abimelec Ortiz 2B Bryson Stott 3B Charles McAdoo C Agustin Ramirez OF Corbin Carroll OF Jackson Merrill OF Carson Benge P Dylan Cease P Eury Perez SS Geraldo Perdomo,,,
224,5220749471,Gronkowski69 (5/12),20.02,77.55,1B Jared Young 2B Ketel Marte 3B Jorge Polanco C Agustin Ramirez OF Carson Benge OF A.J. Ewing OF Heriberto Hernandez P Dylan Cease P Eury Perez SS Francisco Lindor,,,
227,5220754543,AugleM212121,22.17,77,1B Munetaka Murakami 2B Nick Sogard 3B Jared Triolo C Ben Rice OF Bryan Reynolds OF Andrew Benintendi OF Mike Yastrzemski P Michael Soroka P Dean Kremer SS CJ Abrams,,,
228,5220784938,sportsfanatic89 (2/4),15.360001,76.9,1B Tim Tawa 2B Ketel Marte 3B Jorge Polanco C Gabriel Moreno OF Corbin Carroll OF Carson Benge OF A.J. Ewing P Dylan Cease P Drew Anderson SS Francisco Lindor,,,
228,5220787686,SonOfDad (1/4),15.360001,76.9,1B Tim Tawa 2B Ketel Marte 3B Jorge Polanco C Gabriel Moreno OF Corbin Carroll OF A.J. Ewing OF Luis Robert Jr. P Dylan Cease P Drew Anderson SS Francisco Lindor,,,
230,5220787437,Gronkowski69 (10/12),21.68,76.75,1B Kyle Schwarber 2B Jose Caballero 3B Jorge Polanco C Ben Rice OF A.J. Ewing OF Luis Robert Jr. OF Brett Baty P Eury Perez P Christian Scott SS Francisco Lindor,,,
231,5220756755,cha457 (17/17),34.17,76.7,1B Kyle Schwarber 2B Jorge Polanco 3B Bo Bichette C Agustin Ramirez OF Esteury Ruiz OF Jo Adell OF Steven Kwan P Dylan Cease P Christian Scott SS Otto Lopez,,,
231,5220753617,XYZee03 (7/17),21,76.7,1B Munetaka Murakami 2B Xavier Edwards 3B Javier Sanoja C Agustin Ramirez OF Sam Antonacci OF Heriberto Hernandez OF TJ Friedl P Dylan Cease P Christian Scott SS Otto Lopez,,,
231,5220764843,pdt13 (8/17),19.68,76.7,1B Jared Young 2B Sam Antonacci 3B Jorge Polanco C Drake Baldwin OF Byron Buxton OF Corbin Carroll OF Luis Robert Jr. P Christian Scott P Nick Lodolo SS Elly De La Cruz,,,
234,5220787904,DosElephantes,35.5,76.55,1B Nathaniel Lowe 2B Royce Lewis 3B Caleb Durbin C Rafael Flores Jr. OF Esmerlyn Valdez OF Jo Adell OF Andrew Benintendi P Dylan Cease P Eury Perez SS Geraldo Perdomo,,,
234,5220756749,cha457 (11/17),27.99,76.55,1B Kyle Schwarber 2B Bryson Stott 3B Leo Jimenez C Agustin Ramirez OF Esteury Ruiz OF Javier Sanoja OF Edmundo Sosa P Dylan Cease P Eury Perez SS Otto Lopez,,,
234,5220770059,kyleorso (15/17),24.17,76.55,1B Nathaniel Lowe 2B Jose Caballero 3B Ryan McMahon C Henry Davis OF Trent Grisham OF Spencer Jones OF Jorge Barrosa P Dylan Cease P Eury Perez SS George Lombard Jr.,,,
237,5220752891,GGHOSTMANH (17/17),25.33,75.75,1B Kyle Schwarber 2B Xavier Edwards 3B Javier Sanoja C Drake Baldwin OF Heriberto Hernandez OF Esteury Ruiz OF Jakob Marsee P Eury Perez P Christian Scott SS Edmundo Sosa,,,
238,5220775063,Darkmen715 (2/17),24.18,75.7,1B Kazuma Okamoto 2B Jake Cronenworth 3B Bryson Stott C Gabriel Moreno OF Corbin Carroll OF A.J. Ewing OF Max Kepler P Dylan Cease P Christian Scott SS Geraldo Perdomo,,,
238,5220764836,pdt13 (1/17),21.34,75.7,1B Jared Young 2B Jorge Polanco 3B Kevin McGonigle C Agustin Ramirez OF Byron Buxton OF Heriberto Hernandez OF Jakob Marsee P Dylan Cease P Christian Scott SS Francisco Lindor,,,
238,5220767737,psumav (8/13),20.51,75.7,1B Nick Sogard 2B Ketel Marte 3B Jorge Polanco C Connor Wong OF Wilyer Abreu OF Corbin Carroll OF Ceddanne Rafaela P Dylan Cease P Christian Scott SS Andruw Monasterio,,,
238,5220785091,harshreality18 (1/4),20.51,75.7,1B Jared Young 2B Xavier Edwards 3B Jorge Polanco C Agustin Ramirez OF Byron Buxton OF Heriberto Hernandez OF Luis Robert Jr. P Dylan Cease P Christian Scott SS Francisco Lindor,,,
238,5220785096,harshreality18 (3/4),20.51,75.7,1B Jared Young 2B Xavier Edwards 3B Jorge Polanco C Agustin Ramirez OF Byron Buxton OF Heriberto Hernandez OF Luis Robert Jr. P Dylan Cease P Christian Scott SS Francisco Lindor,,,
238,5220786132,psumav (12/13),20.51,75.7,1B Nick Sogard 2B Ketel Marte 3B Jorge Polanco C Connor Wong OF Wilyer Abreu OF Corbin Carroll OF Ceddanne Rafaela P Dylan Cease P Christian Scott SS Andruw Monasterio,,,
238,5220783061,Rallycap,16.68,75.7,1B Tim Tawa 2B Xavier Edwards 3B Javier Sanoja C Gabriel Moreno OF Corbin Carroll OF Heriberto Hernandez OF Max Kepler P Dylan Cease P Christian Scott SS Otto Lopez,,,
245,5220751173,ruckness815 (1/2),25.5,75.55,1B Jared Young 2B Royce Lewis 3B Bryson Stott C Agustin Ramirez OF A.J. Ewing OF Heriberto Hernandez OF Javier Sanoja P Dylan Cease P Eury Perez SS Otto Lopez,,,
245,5220756685,JayAguilar23,25.5,75.55,1B Jared Young 2B Royce Lewis 3B Bryson Stott C Agustin Ramirez OF A.J. Ewing OF Heriberto Hernandez OF Javier Sanoja P Dylan Cease P Eury Perez SS Otto Lopez,,,
245,5220764356,timrowland09,25.5,75.55,1B Jared Young 2B Royce Lewis 3B Bryson Stott C Agustin Ramirez OF A.J. Ewing OF Heriberto Hernandez OF Javier Sanoja P Dylan Cease P Eury Perez SS Otto Lopez,,,
245,5220773446,Thegamejoshyd44 (1/17),25.5,75.55,1B Jared Young 2B Royce Lewis 3B Bryson Stott C Agustin Ramirez OF A.J. Ewing OF Heriberto Hernandez OF Javier Sanoja P Dylan Cease P Eury Perez SS Otto Lopez,,,
245,5220773458,Thegamejoshyd44 (6/17),25.5,75.55,1B Jared Young 2B Royce Lewis 3B Bryson Stott C Agustin Ramirez OF A.J. Ewing OF Heriberto Hernandez OF Javier Sanoja P Dylan Cease P Eury Perez SS Otto Lopez,,,
245,5220779113,nwspring52,25.5,75.55,1B Jared Young 2B Royce Lewis 3B Bryson Stott C Agustin Ramirez OF A.J. Ewing OF Heriberto Hernandez OF Javier Sanoja P Dylan Cease P Eury Perez SS Otto Lopez,,,
245,5220781796,Thegamejoshyd44 (12/17),25.5,75.55,1B Jared Young 2B Royce Lewis 3B Bryson Stott C Agustin Ramirez OF A.J. Ewing OF Heriberto Hernandez OF Javier Sanoja P Dylan Cease P Eury Perez SS Otto Lopez,,,
245,5220785678,42Ballerz,25.5,75.55,1B Jared Young 2B Royce Lewis 3B Bryson Stott C Agustin Ramirez OF A.J. Ewing OF Heriberto Hernandez OF Javier Sanoja P Dylan Cease P Eury Perez SS Otto Lopez,,,
245,5220773450,Thegamejoshyd44 (5/17),24.17,75.55,1B Alec Bohm 2B Xavier Edwards 3B Colson Montgomery C Agustin Ramirez OF Jarren Duran OF Heriberto Hernandez OF Tim Tawa P Dylan Cease P Eury Perez SS Francisco Lindor,,,
245,5220773462,Thegamejoshyd44 (10/17),24.17,75.55,1B Alec Bohm 2B Xavier Edwards 3B Colson Montgomery C Agustin Ramirez OF Jarren Duran OF Heriberto Hernandez OF Tim Tawa P Dylan Cease P Eury Perez SS Francisco Lindor,,,
245,5220781800,Thegamejoshyd44 (16/17),24.17,75.55,1B Alec Bohm 2B Xavier Edwards 3B Colson Montgomery C Agustin Ramirez OF Jarren Duran OF Heriberto Hernandez OF Tim Tawa P Dylan Cease P Eury Perez SS Francisco Lindor,,,
245,5220781832,Thegamejoshyd44 (17/17),24.17,75.55,1B Alec Bohm 2B Xavier Edwards 3B Colson Montgomery C Agustin Ramirez OF Jarren Duran OF Heriberto Hernandez OF Tim Tawa P Dylan Cease P Eury Perez SS Francisco Lindor,,,
245,5220785634,Gronkowski69 (7/12),19.18,75.55,1B Tim Tawa 2B Ketel Marte 3B Nolan Arenado C Brian Navarreto OF Corbin Carroll OF Heriberto Hernandez OF Javier Sanoja P Dylan Cease P Eury Perez SS Otto Lopez,,,
258,5220762245,pmdank2,18.85,75.2,1B Dominic Smith 2B Bryson Stott 3B Javier Sanoja C Luis Torrens OF Michael Harris II OF Daylen Lile OF Brett Baty P Dylan Cease P Sean Burke SS Francisco Lindor,,,
259,5220776793,goolie1228 (2/2),35.16,74.9,1B Spencer Torkelson 2B Travis Bazzana 3B Bo Bichette C Rafael Flores Jr. OF Byron Buxton OF Kody Clemens OF JJ Bleday P Christian Scott P Dean Kremer SS Otto Lopez,,,
260,5220776246,StoneAlien,29,74.8,1B Munetaka Murakami 2B Bryson Stott 3B Caleb Durbin C Gabriel Moreno OF Ceddanne Rafaela OF Gavin Sheets OF Brett Bateman P Dylan Cease P Michael Soroka SS Andruw Monasterio,,,
261,5220756421,dbacks1111 (1/2),31.17,74.75,1B Abimelec Ortiz 2B Gleyber Torres 3B Bryson Stott C Gabriel Moreno OF Byron Buxton OF Fernando Tatis Jr. OF Brett Bateman P Eury Perez P Christian Scott SS Francisco Lindor,,,
262,5220764840,pdt13 (5/17),28.17,74.7,1B Jared Young 2B Sam Antonacci 3B Jorge Polanco C Agustin Ramirez OF Byron Buxton OF Heriberto Hernandez OF Steven Kwan P Dylan Cease P Christian Scott SS Elly De La Cruz,,,
262,5220778658,theattack58,24,74.7,1B Jared Young 2B Ketel Marte 3B Bryson Stott C Agustin Ramirez OF Bryce Harper OF Javier Sanoja OF Edmundo Sosa P Dylan Cease P Christian Scott SS Francisco Lindor,,,
264,5220754250,Butler1,34.84,74.55,1B Charles McAdoo 2B Jake Cronenworth 3B Kevin McGonigle C Agustin Ramirez OF Corbin Carroll OF Jackson Merrill OF Billy Cook P Dylan Cease P Eury Perez SS Francisco Lindor,,,
264,5220777728,ametz15,23.18,74.55,1B Jared Young 2B Royce Lewis 3B Jared Triolo C Rafael Flores Jr. OF Carson Benge OF A.J. Ewing OF Mike Yastrzemski P Dylan Cease P Eury Perez SS CJ Abrams,,,
264,5220776519,KizrBr (2/5),21.51,74.55,1B Abimelec Ortiz 2B Xavier Edwards 3B Leo Jimenez C Agustin Ramirez OF Daylen Lile OF Heriberto Hernandez OF Javier Sanoja P Dylan Cease P Eury Perez SS CJ Abrams,,,
264,5220784493,tomkriger,21.01,74.55,1B Jared Young 2B Ketel Marte 3B Javier Sanoja C Agustin Ramirez OF Carson Benge OF Heriberto Hernandez OF Esteury Ruiz P Dylan Cease P Eury Perez SS Otto Lopez,,,
264,5220764850,pdt13 (15/17),18.51,74.55,1B Tim Tawa 2B Ketel Marte 3B Colt Keith C Alejandro Kirk OF Brandon Marsh OF A.J. Ewing OF Heriberto Hernandez P Dylan Cease P Eury Perez SS Geraldo Perdomo,,,
269,5220771263,Fitzoreo (1/2),32.82,74.45,1B Kyle Schwarber 2B Bryson Stott 3B Javier Sanoja C Gabriel Moreno OF Bryce Harper OF Esteury Ruiz OF Edmundo Sosa P Eury Perez P Ryan Weathers SS Kaelen Culpepper,,,
269,5220782460,poz1171,31.67,74.45,1B Munetaka Murakami 2B Matt McLain 3B Eugenio Suarez C Gabriel Moreno OF Corbin Carroll OF JJ Bleday OF Daz Cameron P Casey Mize P Dean Kremer SS Elly De La Cruz,,,
271,5220770390,wardsound (1/4),29.34,74.25,1B Ty France 2B Luis Arraez 3B Nolan Arenado C Gabriel Moreno OF Esmerlyn Valdez OF Braden Montgomery OF Brett Bateman P Sean Burke P Eury Perez SS Francisco Lindor,,,
271,5220778311,Grouchogaucho,21.34,74.25,1B Royce Lewis 2B Luis Arraez 3B Bo Bichette C Gabriel Moreno OF Bryan Reynolds OF Michael Harris II OF JJ Bleday P Christian Scott P Patrick Sandoval SS Geraldo Perdomo,,,
273,5220763725,Dennyban,22.5,74.2,1B Royce Lewis 2B Nick Sogard 3B Eugenio Suarez C Drew Romo OF Corbin Carroll OF Trent Grisham OF Sam Antonacci P Dylan Cease P Sean Burke SS Jared Triolo,,,
274,5220777643,mtu992000,28,74.1,1B Jared Young 2B Royce Lewis 3B Bo Bichette C J.T. Realmuto OF Kody Clemens OF Carson Benge OF Luke Keaschall P Sean Burke P Ryan Weathers SS Francisco Lindor,,,
275,5220770588,iggywags2481,27.68,74,1B Matt Olson 2B Ozzie Albies 3B Caleb Durbin C Drake Baldwin OF Ronald Acuna Jr. OF Fernando Tatis Jr. OF Ceddanne Rafaela P Bryce Elder P Andrew Painter SS Jim Jarvis,,,
276,5220775065,Darkmen715 (4/17),21.67,73.9,1B Kyle Schwarber 2B Jorge Polanco 3B Charles McAdoo C Agustin Ramirez OF Bryce Harper OF Ronald Acuna Jr. OF Zach McKinstry P Dylan Cease P Drew Anderson SS Geraldo Perdomo,,,
277,5220752883,GGHOSTMANH (9/17),29.82,73.75,1B Josh Bell 2B Kody Clemens 3B Javier Sanoja C Agustin Ramirez OF Byron Buxton OF Trevor Larnach OF Heriberto Hernandez P Eury Perez P Christian Scott SS Otto Lopez,,,
278,5220753623,XYZee03 (13/17),33.5,73.7,1B Munetaka Murakami 2B Xavier Edwards 3B Leo Jimenez C Agustin Ramirez OF Chase DeLauter OF Heriberto Hernandez OF Gavin Sheets P Dylan Cease P Christian Scott SS Otto Lopez,,,
278,5220753625,XYZee03 (15/17),33.5,73.7,1B Munetaka Murakami 2B Xavier Edwards 3B Leo Jimenez C Agustin Ramirez OF Jackson Merrill OF Heriberto Hernandez OF Gavin Sheets P Dylan Cease P Christian Scott SS Otto Lopez,,,
278,5220753611,XYZee03 (1/17),21.34,73.7,1B Alec Bohm 2B Ketel Marte 3B Bryson Stott C Gabriel Moreno OF Corbin Carroll OF Justin Crawford OF Tim Tawa P Dylan Cease P Christian Scott SS Geraldo Perdomo,,,
278,5220787688,SonOfDad (3/4),16.52,73.7,1B Tim Tawa 2B Ketel Marte 3B Jorge Polanco C Agustin Ramirez OF Corbin Carroll OF A.J. Ewing OF Heriberto Hernandez P Dylan Cease P Christian Scott SS Francisco Lindor,,,
278,5220787689,SonOfDad (4/4),15.85,73.7,1B Tim Tawa 2B Ketel Marte 3B Nolan Arenado C Agustin Ramirez OF Corbin Carroll OF Heriberto Hernandez OF Jakob Marsee P Dylan Cease P Christian Scott SS Geraldo Perdomo,,,
283,5220787687,SonOfDad (2/4),23.84,73.6,1B Michael Toglia 2B Matt McLain 3B Eugenio Suarez C Drake Baldwin OF Ronald Acuna Jr. OF JJ Bleday OF Mike Yastrzemski P Ryan Weathers P Dean Kremer SS Elly De La Cruz,,,
284,5220775484,Stree (4/12),41.82,73.5,1B Josh Bell 2B Royce Lewis 3B Brooks Lee C Victor Caratini OF Chase DeLauter OF Luke Keaschall OF Steven Kwan P Dylan Cease P Nick Lodolo SS CJ Abrams,,,
285,5220775067,Darkmen715 (6/17),21.34,72.9,1B Kyle Schwarber 2B Jorge Polanco 3B Charles McAdoo C Gabriel Moreno OF Bryce Harper OF Mike Yastrzemski OF Zach McKinstry P Dylan Cease P Drew Anderson SS CJ Abrams,,,
285,5220784940,sportsfanatic89 (4/4),19.18,72.9,1B Jared Young 2B Ketel Marte 3B Bryson Stott C Agustin Ramirez OF Corbin Carroll OF A.J. Ewing OF Heriberto Hernandez P Dylan Cease P Drew Anderson SS Francisco Lindor,,,
287,5220775489,Stree (9/12),25.67,72.75,1B Nick Sogard 2B Sam Antonacci 3B Miguel Vargas C Connor Wong OF Wilyer Abreu OF Ceddanne Rafaela OF Jarren Duran P Eury Perez P Christian Scott SS Francisco Lindor,,,
287,5220775076,Darkmen715 (15/17),22.51,72.75,1B Michael Toglia 2B Jorge Polanco 3B Miguel Vargas C Gabriel Moreno OF Byron Buxton OF Corbin Carroll OF Heriberto Hernandez P Eury Perez P Christian Scott SS Francisco Lindor,,,
289,5220784693,mclocker (1/2),27.84,72.7,1B Jared Young 2B Sam Antonacci 3B Jorge Polanco C Agustin Ramirez OF Byron Buxton OF Luis Robert Jr. OF Steven Kwan P Dylan Cease P Christian Scott SS Elly De La Cruz,,,
289,5220775462,tvielkin (3/7),19.67,72.7,1B Michael Toglia 2B Xavier Edwards 3B Bo Bichette C Agustin Ramirez OF JJ Bleday OF Heriberto Hernandez OF Esteury Ruiz P Dylan Cease P Christian Scott SS Otto Lopez,,,
291,5220769509,JGLspeaks (3/5),23.34,72.6,1B Kyle Schwarber 2B Ketel Marte 3B Bryson Stott C Gabriel Moreno OF Corbin Carroll OF Max Kepler OF Tim Tawa P Ryan Weathers P Christian Scott SS Edmundo Sosa,,,
292,5220770061,kyleorso (17/17),33.66,72.55,1B Bryce Harper 2B Jake Cronenworth 3B Ke'Bryan Hayes C Brian Navarreto OF Byron Buxton OF Corbin Carroll OF Esteury Ruiz P Dylan Cease P Eury Perez SS Edmundo Sosa,,,
292,5220768399,SGG171 (1/2),23.83,72.55,1B Kyle Schwarber 2B Bryson Stott 3B Alec Bohm C Alejandro Kirk OF Javier Sanoja OF Mike Yastrzemski OF Tristan Peters P Dylan Cease P Eury Perez SS Francisco Lindor,,,
292,5220769475,DcSports89,19.35,72.55,1B Abimelec Ortiz 2B Ernie Clement 3B Brady House C Alejandro Kirk OF Daylen Lile OF George Springer OF Jacob Young P Dylan Cease P Eury Perez SS CJ Abrams,,,
295,5220784911,teddyruxpin6969,16.52,72.4,1B Abimelec Ortiz 2B Jorbit Vivas 3B Charles McAdoo C Ben Rice OF Ronald Acuna Jr. OF Dylan Crews OF Daylen Lile P Bryce Elder P Jake Irvin SS CJ Abrams,,,
296,5220768822,becvark,21.51,71.8,1B Charles McAdoo 2B Kody Clemens 3B Brady House C Alejandro Kirk OF Dylan Crews OF Daylen Lile OF George Springer P Eury Perez P Bryce Elder SS CJ Abrams,,,
297,5220751794,Wanna_Square_Up1567 (14/17),15.02,71.7,1B Tim Tawa 2B Ketel Marte 3B Austin Riley C Agustin Ramirez OF Corbin Carroll OF Heriberto Hernandez OF Jorge Barrosa P Dylan Cease P Christian Scott SS Geraldo Perdomo,,,
298,5220775077,Darkmen715 (16/17),24.85,71.65,1B Ben Rice 2B Jake Cronenworth 3B Jorge Polanco C Drake Baldwin OF Ronald Acuna Jr. OF A.J. Ewing OF Heriberto Hernandez P Ryan Weathers P Bryce Elder SS Geraldo Perdomo,,,
299,5220751783,Wanna_Square_Up1567 (3/17),35.17,71.55,1B Abimelec Ortiz 2B Jake Cronenworth 3B Leo Jimenez C Agustin Ramirez OF Fernando Tatis Jr. OF Heriberto Hernandez OF Javier Sanoja P Dylan Cease P Eury Perez SS Otto Lopez,,,
300,5220764554,buzzards59,36.66,71.45,1B Bryce Harper 2B Royce Lewis 3B Ke'Bryan Hayes C Luis Torrens OF Byron Buxton OF Sam Antonacci OF Steven Kwan P Eury Perez P Ryan Weathers SS Otto Lopez,,,
301,5220763758,GHROSS (5/6),27.84,71.1,1B Kyle Schwarber 2B Jorge Polanco 3B Nolan Arenado C James McCann OF Bryce Harper OF Ronald Acuna Jr. OF Fernando Tatis Jr. P Christian Scott P Drew Anderson SS Andruw Monasterio,,,
302,5220782236,sky91168,21.84,71.05,1B Nick Sogard 2B Anthony Seigler 3B Miguel Vargas C Gabriel Moreno OF Wilyer Abreu OF Sam Antonacci OF Brett Baty P Dylan Cease P Patrick Sandoval SS Colson Montgomery,,,
303,5220785914,bjjball44 (13/17),32.510002,70.9,1B Jared Young 2B Bryson Stott 3B Manny Machado C Agustin Ramirez OF Fernando Tatis Jr. OF Corbin Carroll OF Tim Tawa P Dylan Cease P Drew Anderson SS Francisco Lindor,,,
303,5220785905,bjjball44 (4/17),19.51,70.9,1B Michael Toglia 2B Matt McLain 3B Bryson Stott C Agustin Ramirez OF Ronald Acuna Jr. OF Corbin Carroll OF A.J. Ewing P Dylan Cease P Drew Anderson SS Francisco Lindor,,,
303,5220785916,bjjball44 (15/17),18.01,70.9,1B Michael Toglia 2B Matt McLain 3B Jorge Polanco C Agustin Ramirez OF Ronald Acuna Jr. OF Corbin Carroll OF Heriberto Hernandez P Dylan Cease P Drew Anderson SS Elly De La Cruz,,,
306,5220770355,steelersnation70,29.84,70.75,1B Miguel Vargas 2B Ernie Clement 3B Brady House C Luis Torrens OF Fernando Tatis Jr. OF Wilyer Abreu OF Corbin Carroll P Eury Perez P Christian Scott SS Edmundo Sosa,,,
306,5220783031,dean78904 (3/6),23.5,70.75,1B Luis Garcia Jr. 2B Kody Clemens 3B Ryan McMahon C Ben Rice OF Trent Grisham OF A.J. Ewing OF Spencer Jones P Eury Perez P Dean Kremer SS Francisco Lindor,,,
308,5220772601,NoLaws,30.32,70.7,1B Josh Bell 2B Royce Lewis 3B Bryson Stott C Victor Caratini OF Carson Benge OF Trevor Larnach OF Luke Keaschall P Dylan Cease P Christian Scott SS Francisco Lindor,,,
308,5220766938,dbacks1111 (2/2),30,70.7,1B Abimelec Ortiz 2B Gleyber Torres 3B Bryson Stott C Adley Rutschman OF Byron Buxton OF Steven Kwan OF Brett Bateman P Dylan Cease P Christian Scott SS Francisco Lindor,,,
308,5220749467,Gronkowski69 (1/12),20.5,70.7,1B Michael Toglia 2B Matt McLain 3B Eugenio Suarez C Rafael Flores Jr. OF JJ Bleday OF Esmerlyn Valdez OF George Springer P Dylan Cease P Christian Scott SS Elly De La Cruz,,,
308,5220784937,sportsfanatic89 (1/4),20.34,70.7,1B Michael Toglia 2B Bryson Stott 3B Eugenio Suarez C Agustin Ramirez OF Corbin Carroll OF A.J. Ewing OF Heriberto Hernandez P Dylan Cease P Christian Scott SS Francisco Lindor,,,
312,5220764849,pdt13 (14/17),28.84,70.55,1B Josh Bell 2B Jake Cronenworth 3B Javier Sanoja C Agustin Ramirez OF Corbin Carroll OF Carson Benge OF Esteury Ruiz P Dylan Cease P Eury Perez SS Geraldo Perdomo,,,
312,5220767647,Johnny_Great (2/3),23.34,70.55,1B Dominic Smith 2B Nick Sogard 3B Caleb Durbin C Agustin Ramirez OF Michael Harris II OF Ceddanne Rafaela OF Jarren Duran P Dylan Cease P Eury Perez SS Andruw Monasterio,,,
312,5220753615,XYZee03 (5/17),21.51,70.55,1B Jared Young 2B Xavier Edwards 3B Javier Sanoja C Agustin Ramirez OF A.J. Ewing OF Heriberto Hernandez OF Luis Robert Jr. P Dylan Cease P Eury Perez SS Otto Lopez,,,
312,5220754151,JERKER19 (2/5),21.51,70.55,1B Jared Young 2B Xavier Edwards 3B Javier Sanoja C Agustin Ramirez OF Carson Benge OF A.J. Ewing OF Heriberto Hernandez P Dylan Cease P Eury Perez SS Otto Lopez,,,
316,5220763800,jimmyq24,28.17,70.3,1B Kyle Schwarber 2B Kody Clemens 3B Jose Ramirez C Drake Baldwin OF George Springer OF Brett Baty OF TJ Friedl P Bryce Elder P Patrick Sandoval SS Francisco Lindor,,,
317,5220767730,psumav (1/13),29.16,70.1,1B Josh Bell 2B Kody Clemens 3B Alec Bohm C Gabriel Moreno OF Byron Buxton OF Corbin Carroll OF Trevor Larnach P Eury Perez P Patrick Sandoval SS Geraldo Perdomo,,,
318,5220771251,wlfball (1/2),32.98,69.85,1B Kyle Schwarber 2B Bryson Stott 3B Brooks Lee C Agustin Ramirez OF Bryce Harper OF Brandon Marsh OF Brett Bateman P Eury Perez P Michael Soroka SS Edmundo Sosa,,,
319,5220772418,cb_hanson,53.510002,69.75,1B Jared Young 2B Jake Cronenworth 3B Manny Machado C Drake Baldwin OF Fernando Tatis Jr. OF Jackson Merrill OF Gavin Sheets P Eury Perez P Christian Scott SS Francisco Lindor,,,
320,5220765734,stonenuts,32.33,69.7,1B Josh Bell 2B Chase Meidroth 3B Eugenio Suarez C Alejandro Kirk OF Fernando Tatis Jr. OF Ceddanne Rafaela OF Brett Bateman P Dylan Cease P Dean Kremer SS Francisco Lindor,,,
320,5220756754,cha457 (16/17),27.5,69.7,1B Bryce Harper 2B Jake Cronenworth 3B Leo Jimenez C Agustin Ramirez OF Corbin Carroll OF Esteury Ruiz OF Javier Sanoja P Dylan Cease P Christian Scott SS Otto Lopez,,,
320,5220787130,KizrBr (3/5),21.01,69.7,1B Jared Young 2B Nick Sogard 3B Caleb Durbin C Adley Rutschman OF Corbin Carroll OF Ceddanne Rafaela OF Carson Benge P Dylan Cease P Christian Scott SS Andruw Monasterio,,,
320,5220783192,brandonabk (3/4),19.34,69.7,1B Tim Tawa 2B Xavier Edwards 3B Bryson Stott C Agustin Ramirez OF Corbin Carroll OF Heriberto Hernandez OF Esteury Ruiz P Dylan Cease P Christian Scott SS Geraldo Perdomo,,,
320,5220756739,cha457 (1/17),19.17,69.7,1B Michael Toglia 2B Matt McLain 3B Eugenio Suarez C Agustin Ramirez OF Corbin Carroll OF Esteury Ruiz OF Jakob Marsee P Dylan Cease P Christian Scott SS Elly De La Cruz,,,
325,5220783144,UWAlums03 (1/2),28.99,69.55,1B Kyle Schwarber 2B Bryson Stott 3B Javier Sanoja C Agustin Ramirez OF Heriberto Hernandez OF Justin Crawford OF Edmundo Sosa P Dylan Cease P Eury Perez SS Geraldo Perdomo,,,
325,5220770049,kyleorso (5/17),28.17,69.55,1B Nick Yorke 2B Travis Bazzana 3B Austin Riley C Henry Davis OF Spencer Jones OF Brett Bateman OF Myles Straw P Dylan Cease P Eury Perez SS Javier Baez,,,
325,5220763755,GHROSS (2/6),28.01,69.55,1B Jared Young 2B Nick Sogard 3B Eugenio Suarez C Agustin Ramirez OF A.J. Ewing OF Heriberto Hernandez OF Steven Kwan P Dylan Cease P Eury Perez SS Geraldo Perdomo,,,
328,5220779625,rick052954,19,69.25,1B Munetaka Murakami 2B Jose Caballero 3B Ryan McMahon C Ben Rice OF Heriberto Hernandez OF Braden Montgomery OF Spencer Jones P Sean Burke P Eury Perez SS George Lombard Jr.,,,
328,5220777243,camchris72 (1/5),17.86,69.25,1B Jared Young 2B Ketel Marte 3B Bo Bichette C Gabriel Moreno OF Corbin Carroll OF Luis Robert Jr. OF Jorge Barrosa P Sean Burke P Eury Perez SS Francisco Lindor,,,
328,5220777244,camchris72 (2/5),17.86,69.25,1B Jared Young 2B Ketel Marte 3B Bo Bichette C Gabriel Moreno OF Corbin Carroll OF Luis Robert Jr. OF Jorge Barrosa P Sean Burke P Eury Perez SS Francisco Lindor,,,
328,5220777245,camchris72 (3/5),17.86,69.25,1B Jared Young 2B Ketel Marte 3B Bo Bichette C Gabriel Moreno OF Corbin Carroll OF Luis Robert Jr. OF Jorge Barrosa P Sean Burke P Eury Perez SS Francisco Lindor,,,
328,5220777246,camchris72 (4/5),17.86,69.25,1B Jared Young 2B Ketel Marte 3B Bo Bichette C Gabriel Moreno OF Corbin Carroll OF Luis Robert Jr. OF Jorge Barrosa P Sean Burke P Eury Perez SS Francisco Lindor,,,
328,5220777247,camchris72 (5/5),17.86,69.25,1B Jared Young 2B Ketel Marte 3B Bo Bichette C Gabriel Moreno OF Corbin Carroll OF Luis Robert Jr. OF Jorge Barrosa P Sean Burke P Eury Perez SS Francisco Lindor,,,
334,5220764851,pdt13 (16/17),37.010002,68.7,1B Michael Toglia 2B Jake Cronenworth 3B Jose Ramirez C Gabriel Moreno OF Corbin Carroll OF Heriberto Hernandez OF Gavin Sheets P Dylan Cease P Christian Scott SS Geraldo Perdomo,,,
334,5220775066,Darkmen715 (5/17),24.51,68.7,1B Michael Toglia 2B Jorge Polanco 3B Charles McAdoo C Agustin Ramirez OF Fernando Tatis Jr. OF Corbin Carroll OF Luis Robert Jr. P Dylan Cease P Christian Scott SS Elly De La Cruz,,,
334,5220787419,starmap3333,23.5,68.7,1B Kyle Schwarber 2B Jorge Polanco 3B Alec Bohm C Alejandro Kirk OF Bryce Harper OF Carson Benge OF Esteury Ruiz P Dylan Cease P Christian Scott SS Jim Jarvis,,,
334,5220782206,tvielkin (7/7),20.34,68.7,1B Charles McAdoo 2B Nick Sogard 3B Caleb Durbin C Adley Rutschman OF Corbin Carroll OF Ceddanne Rafaela OF Jarren Duran P Dylan Cease P Christian Scott SS Geraldo Perdomo,,,
338,5220753612,XYZee03 (2/17),35.17,68.55,1B Jared Young 2B Xavier Edwards 3B Javier Sanoja C Agustin Ramirez OF Fernando Tatis Jr. OF Heriberto Hernandez OF Gavin Sheets P Dylan Cease P Eury Perez SS Otto Lopez,,,
338,5220764839,pdt13 (4/17),28.84,68.55,1B Tim Tawa 2B Bryson Stott 3B Javier Sanoja C Agustin Ramirez OF Corbin Carroll OF Heriberto Hernandez OF Steven Kwan P Dylan Cease P Eury Perez SS Francisco Lindor,,,
338,5220783145,UWAlums03 (2/2),21.84,68.55,1B Tim Tawa 2B Xavier Edwards 3B Javier Sanoja C Agustin Ramirez OF Corbin Carroll OF Trevor Larnach OF Heriberto Hernandez P Dylan Cease P Eury Perez SS Geraldo Perdomo,,,
338,5220753618,XYZee03 (8/17),21.51,68.55,1B Jared Young 2B Xavier Edwards 3B Javier Sanoja C Agustin Ramirez OF Carson Benge OF Heriberto Hernandez OF Luis Robert Jr. P Dylan Cease P Eury Perez SS Otto Lopez,,,
342,5220784504,statis.official (6/12),33.33,68.25,1B Kyle Schwarber 2B Bryson Stott 3B Nolan Arenado C Gabriel Moreno OF Chase DeLauter OF Esteury Ruiz OF Luke Keaschall P Sean Burke P Eury Perez SS Jared Triolo,,,
343,5220780747,FantasyCrusader (5/8),25.51,67.75,1B Jared Young 2B Brett Baty 3B Bryson Stott C Drake Baldwin OF Bryce Harper OF Carson Benge OF A.J. Ewing P Dylan Cease P Andrew Painter SS Francisco Lindor,,,
344,5220785751,TheHawkEntourage,24.52,67.7,1B Ty France 2B Ketel Marte 3B Jorge Polanco C Adley Rutschman OF Carson Benge OF A.J. Ewing OF Brett Baty P Dylan Cease P Christian Scott SS Francisco Lindor,,,
345,5220775483,Stree (3/12),35.309998,67.55,1B Alec Bohm 2B Luis Arraez 3B Bryson Stott C Agustin Ramirez OF Byron Buxton OF Trevor Larnach OF Justin Crawford P Dylan Cease P Eury Perez SS Edmundo Sosa,,,
345,5220751781,Wanna_Square_Up1567 (1/17),32.66,67.55,1B Kyle Schwarber 2B Jake Cronenworth 3B Javier Sanoja C Agustin Ramirez OF Heriberto Hernandez OF Jakob Marsee OF Edmundo Sosa P Dylan Cease P Eury Perez SS Otto Lopez,,,
345,5220785722,Gronkowski69 (8/12),22.51,67.55,1B Kyle Schwarber 2B Nick Sogard 3B Alec Bohm C James McCann OF Corbin Carroll OF Tim Tawa OF Jorge Barrosa P Dylan Cease P Eury Perez SS Geraldo Perdomo,,,
348,5220785904,bjjball44 (3/17),21.84,67.4,1B Tim Tawa 2B Matt McLain 3B Bryson Stott C Agustin Ramirez OF Corbin Carroll OF Heriberto Hernandez OF Jakob Marsee P Dylan Cease P Ryan Weathers SS Francisco Lindor,,,
348,5220785843,NYGpete,19.51,67.4,1B Matt Olson 2B Xavier Edwards 3B Bo Bichette C Gabriel Moreno OF Ceddanne Rafaela OF Brandon Marsh OF Luis Robert Jr. P Sean Burke P Christian Scott SS Andres Gimenez,,,
350,5220784501,statis.official (3/12),26.16,67.25,1B Kyle Schwarber 2B Bryson Stott 3B Alec Bohm C Gabriel Moreno OF Esteury Ruiz OF Luke Keaschall OF Tristan Peters P Sean Burke P Eury Perez SS Francisco Lindor,,,
351,5220769812,paulmgarcia420 (1/2),22.5,67.2,1B Alec Bohm 2B Ernie Clement 3B Austin Riley C Alejandro Kirk OF Dylan Crews OF Kody Clemens OF Jarren Duran P Dylan Cease P Sean Burke SS Javier Baez,,,
352,5220785626,Gronkowski69 (6/12),25.33,66.55,1B Nick Sogard 2B Xavier Edwards 3B Javier Sanoja C Agustin Ramirez OF Jarren Duran OF Trevor Larnach OF Heriberto Hernandez P Dylan Cease P Eury Perez SS Otto Lopez,,,
352,5220764838,pdt13 (3/17),23.67,66.55,1B Tim Tawa 2B Bryson Stott 3B Javier Sanoja C Agustin Ramirez OF Corbin Carroll OF Trevor Larnach OF Heriberto Hernandez P Dylan Cease P Eury Perez SS Geraldo Perdomo,,,
352,5220773448,Thegamejoshyd44 (3/17),23.67,66.55,1B Tim Tawa 2B Bryson Stott 3B Javier Sanoja C Agustin Ramirez OF Corbin Carroll OF Trevor Larnach OF Heriberto Hernandez P Dylan Cease P Eury Perez SS Geraldo Perdomo,,,
352,5220773460,Thegamejoshyd44 (8/17),23.67,66.55,1B Tim Tawa 2B Bryson Stott 3B Javier Sanoja C Agustin Ramirez OF Corbin Carroll OF Trevor Larnach OF Heriberto Hernandez P Dylan Cease P Eury Perez SS Geraldo Perdomo,,,
352,5220775744,wesol33,23.67,66.55,1B Tim Tawa 2B Bryson Stott 3B Javier Sanoja C Agustin Ramirez OF Corbin Carroll OF Trevor Larnach OF Heriberto Hernandez P Dylan Cease P Eury Perez SS Geraldo Perdomo,,,
352,5220778568,zach2834,23.67,66.55,1B Tim Tawa 2B Bryson Stott 3B Javier Sanoja C Agustin Ramirez OF Corbin Carroll OF Trevor Larnach OF Heriberto Hernandez P Dylan Cease P Eury Perez SS Geraldo Perdomo,,,
352,5220781798,Thegamejoshyd44 (14/17),23.67,66.55,1B Tim Tawa 2B Bryson Stott 3B Javier Sanoja C Agustin Ramirez OF Corbin Carroll OF Trevor Larnach OF Heriberto Hernandez P Dylan Cease P Eury Perez SS Geraldo Perdomo,,,
359,5220764568,massdestruct1 (1/2),27.32,66.4,1B Kyle Schwarber 2B Luis Arraez 3B Miguel Vargas C Agustin Ramirez OF Kody Clemens OF George Springer OF Edmundo Sosa P Bryce Elder P Jake Irvin SS Elly De La Cruz,,,
360,5220768090,hayob3 (1/2),25.01,66.25,1B Miguel Vargas 2B Jake Cronenworth 3B Colson Montgomery C Gabriel Moreno OF Corbin Carroll OF Andrew Benintendi OF Daz Cameron P Sean Burke P Eury Perez SS Francisco Lindor,,,
360,5220768091,hayob3 (2/2),25.01,66.25,1B Miguel Vargas 2B Jake Cronenworth 3B Colson Montgomery C Gabriel Moreno OF Corbin Carroll OF Andrew Benintendi OF Daz Cameron P Sean Burke P Eury Perez SS Francisco Lindor,,,
362,5220775871,hossteam,32,66.2,1B Kyle Schwarber 2B Luis Arraez 3B Nolan Arenado C Rafael Flores Jr. OF Fernando Tatis Jr. OF Corbin Carroll OF Heriberto Hernandez P Eury Perez P Jake Irvin SS Jared Triolo,,,
363,5220779835,fausey03,30,66,1B Kyle Schwarber 2B Luis Arraez 3B Bo Bichette C Gabriel Moreno OF Brandon Marsh OF Jo Adell OF Brett Bateman P Michael Soroka P Christian Scott SS Francisco Lindor,,,
364,5220785910,bjjball44 (9/17),20.17,65.9,1B Michael Toglia 2B Bryson Stott 3B Austin Riley C Agustin Ramirez OF Corbin Carroll OF Heriberto Hernandez OF Jakob Marsee P Dylan Cease P Drew Anderson SS Elly De La Cruz,,,
365,5220766136,Welt84,31.67,65.75,1B Munetaka Murakami 2B Luis Arraez 3B Caleb Durbin C Agustin Ramirez OF Ceddanne Rafaela OF Carson Benge OF Steven Kwan P Eury Perez P Christian Scott SS Francisco Lindor,,,
366,5220785913,bjjball44 (12/17),27.17,65.7,1B Michael Toglia 2B Jorge Polanco 3B Bryson Stott C Agustin Ramirez OF Fernando Tatis Jr. OF Corbin Carroll OF Heriberto Hernandez P Dylan Cease P Christian Scott SS Otto Lopez,,,
366,5220785907,bjjball44 (6/17),18.01,65.7,1B Michael Toglia 2B Matt McLain 3B Eugenio Suarez C Agustin Ramirez OF Corbin Carroll OF A.J. Ewing OF Tim Tawa P Dylan Cease P Christian Scott SS Elly De La Cruz,,,
368,5220752886,GGHOSTMANH (12/17),36.489998,65.55,1B Nathaniel Lowe 2B Luis Arraez 3B Bryson Stott C James McCann OF Bryce Harper OF Max Kepler OF Justin Crawford P Dylan Cease P Eury Perez SS Edmundo Sosa,,,
368,5220770047,kyleorso (3/17),32.17,65.55,1B Nathaniel Lowe 2B Jose Caballero 3B Ryan McMahon C J.T. Realmuto OF Trent Grisham OF Dominic Smith OF Mike Yastrzemski P Dylan Cease P Eury Perez SS Xander Bogaerts,,,
368,5220755169,ivymoose (4/5),31.65,65.55,1B Bryce Harper 2B Bryson Stott 3B Leo Jimenez C Agustin Ramirez OF Brandon Marsh OF Javier Sanoja OF Justin Crawford P Dylan Cease P Eury Perez SS Edmundo Sosa,,,
368,5220773326,zfisher91,29.82,65.55,1B Josh Bell 2B Xavier Edwards 3B Javier Sanoja C Agustin Ramirez OF Byron Buxton OF Trevor Larnach OF Heriberto Hernandez P Dylan Cease P Eury Perez SS Kaelen Culpepper,,,
368,5220785746,frieza_5g,29.82,65.55,1B Josh Bell 2B Xavier Edwards 3B Javier Sanoja C Agustin Ramirez OF Byron Buxton OF Trevor Larnach OF Heriberto Hernandez P Dylan Cease P Eury Perez SS Kaelen Culpepper,,,
368,5220780755,Ryanlaxx,24.16,65.55,1B Kyle Schwarber 2B Ernie Clement 3B Charles McAdoo C Alejandro Kirk OF Bryce Harper OF Jake Mangum OF Brett Bateman P Dylan Cease P Eury Perez SS Andres Gimenez,,,
374,5220784503,statis.official (5/12),24.67,65.25,1B Kyle Schwarber 2B Bryson Stott 3B Nolan Arenado C Gabriel Moreno OF Esteury Ruiz OF Luke Keaschall OF Tim Tawa P Sean Burke P Eury Perez SS Geraldo Perdomo,,,
375,5220776279,dumbdodger (1/2),19.67,65.2,1B Kyle Schwarber 2B Luis Arraez 3B Ryan McMahon C Connor Wong OF George Springer OF Brett Baty OF Mike Yastrzemski P Dylan Cease P Sean Burke SS Francisco Lindor,,,
375,5220784685,dumbdodger (2/2),19.67,65.2,1B Kyle Schwarber 2B Luis Arraez 3B Ryan McMahon C Connor Wong OF George Springer OF Brett Baty OF Mike Yastrzemski P Dylan Cease P Sean Burke SS Francisco Lindor,,,
377,5220787993,BigWilburStyle (2/2),22,65.15,1B Kyle Schwarber 2B Bryson Stott 3B Charles McAdoo C Gabriel Moreno OF Byron Buxton OF George Springer OF Tim Tawa P Dylan Cease P Jake Irvin SS Geraldo Perdomo,,,
378,5220778848,JGLspeaks (4/5),26.66,64.7,1B Kyle Schwarber 2B Ketel Marte 3B Bryson Stott C J.T. Realmuto OF Max Kepler OF Justin Crawford OF Tim Tawa P Dylan Cease P Christian Scott SS Edmundo Sosa,,,
378,5220785912,bjjball44 (11/17),26.34,64.7,1B Michael Toglia 2B Matt McLain 3B Bryson Stott C Agustin Ramirez OF Fernando Tatis Jr. OF Corbin Carroll OF Tim Tawa P Dylan Cease P Christian Scott SS Francisco Lindor,,,
378,5220785906,bjjball44 (5/17),20.34,64.7,1B Michael Toglia 2B Bryson Stott 3B Jorge Polanco C Agustin Ramirez OF Corbin Carroll OF Heriberto Hernandez OF Luis Robert Jr. P Dylan Cease P Christian Scott SS Elly De La Cruz,,,
381,5220776935,AJSuperman,23.5,64.55,1B Kyle Schwarber 2B Xavier Edwards 3B Charles McAdoo C Brian Navarreto OF Carson Benge OF Heriberto Hernandez OF Javier Sanoja P Dylan Cease P Eury Perez SS Otto Lopez,,,
382,5220779934,RubberDuck11,17.35,64.4,1B Michael Toglia 2B Ketel Marte 3B Nolan Arenado C Alejandro Kirk OF Bryan Reynolds OF Daylen Lile OF Carson Benge P Sean Burke P Christian Scott SS Francisco Lindor,,,
383,5220780059,muscle_man_2112,24.66,64.2,1B Alec Bohm 2B Bryson Stott 3B Brooks Lee C Alejandro Kirk OF Corbin Carroll OF Trevor Larnach OF Brett Bateman P Dylan Cease P Sean Burke SS Geraldo Perdomo,,,
384,5220775073,Darkmen715 (12/17),24.84,63.9,1B Sal Stewart 2B Jake Cronenworth 3B Nolan Arenado C Agustin Ramirez OF JJ Bleday OF Heriberto Hernandez OF Tim Tawa P Dylan Cease P Drew Anderson SS Elly De La Cruz,,,
385,5220773340,TheBeans666,37.67,63.75,1B Jared Young 2B Jake Cronenworth 3B Jose Ramirez C Rafael Flores Jr. OF Bryce Harper OF Wilyer Abreu OF Corbin Carroll P Eury Perez P Christian Scott SS Jared Triolo,,,
385,5220775074,Darkmen715 (13/17),23.84,63.75,1B Rafael Flores Jr. 2B Jorge Polanco 3B Miguel Vargas C Agustin Ramirez OF Byron Buxton OF Corbin Carroll OF Heriberto Hernandez P Eury Perez P Christian Scott SS Francisco Lindor,,,
387,5220753613,XYZee03 (3/17),20.01,63.55,1B Tim Tawa 2B Xavier Edwards 3B Javier Sanoja C Agustin Ramirez OF Corbin Carroll OF Heriberto Hernandez OF Jakob Marsee P Dylan Cease P Eury Perez SS Geraldo Perdomo,,,
388,5220787867,taylorboy1,20.34,63.5,1B Munetaka Murakami 2B Chase Meidroth 3B Miguel Vargas C Gabriel Moreno OF Sam Antonacci OF Braden Montgomery OF Daz Cameron P Sean Burke P Michael Soroka SS Geraldo Perdomo,,,
389,5220769349,oldschoolyankee,16.67,63.4,1B Luis Garcia Jr. 2B Ketel Marte 3B Ryan McMahon C Rafael Flores Jr. OF Trent Grisham OF George Springer OF Spencer Jones P Dylan Cease P Ryan Weathers SS George Lombard Jr.,,,
390,5220783226,bshaw1228,32.84,63.2,1B Rafael Flores Jr. 2B Jake Cronenworth 3B Jorge Polanco C Drew Romo OF Ronald Acuna Jr. OF Fernando Tatis Jr. OF Wilyer Abreu P Dylan Cease P Sean Burke SS Andres Gimenez,,,
391,5220785667,LordofRings6 (2/2),25.33,62.8,1B Victor Caratini 2B Nick Sogard 3B Caleb Durbin C Rafael Flores Jr. OF Wilyer Abreu OF Ceddanne Rafaela OF Esmerlyn Valdez P Dylan Cease P Michael Soroka SS Andruw Monasterio,,,
392,5220775990,FantasyCrusader (4/8),24.5,62.75,1B Kyle Schwarber 2B Xavier Edwards 3B Nolan Arenado C Agustin Ramirez OF Heriberto Hernandez OF Esteury Ruiz OF Max Kepler P Dylan Cease P Andrew Painter SS Otto Lopez,,,
393,5220753627,XYZee03 (17/17),39.5,62.7,1B Kazuma Okamoto 2B Sam Antonacci 3B Jose Ramirez C Brian Navarreto OF Chase DeLauter OF Heriberto Hernandez OF Steven Kwan P Dylan Cease P Christian Scott SS Otto Lopez,,,
393,5220769496,JGLspeaks (2/5),21.34,62.7,1B Tim Tawa 2B Ketel Marte 3B Bryson Stott C J.T. Realmuto OF Corbin Carroll OF Max Kepler OF Edmundo Sosa P Dylan Cease P Christian Scott SS Geraldo Perdomo,,,
395,5220780023,golfrunner,30.99,62.4,1B Rafael Flores Jr. 2B Luis Arraez 3B Jorge Polanco C J.T. Realmuto OF Bryce Harper OF Brandon Marsh OF A.J. Ewing P Dylan Cease P Ryan Weathers SS Edmundo Sosa,,,
396,5220754310,coolbowler300,34.33,62.15,1B Josh Bell 2B Sam Antonacci 3B Bryson Stott C Keibert Ruiz OF Jackson Merrill OF Chase DeLauter OF Carson Benge P Dylan Cease P Jake Irvin SS Otto Lopez,,,
397,5220753626,XYZee03 (16/17),39.5,61.7,1B Charles McAdoo 2B Sam Antonacci 3B Jose Ramirez C Brian Navarreto OF Chase DeLauter OF Heriberto Hernandez OF Steven Kwan P Dylan Cease P Christian Scott SS Otto Lopez,,,
397,5220752875,GGHOSTMANH (1/17),21.83,61.7,1B Sal Stewart 2B Xavier Edwards 3B Leo Jimenez C Agustin Ramirez OF Heriberto Hernandez OF Javier Sanoja OF Justin Crawford P Dylan Cease P Christian Scott SS Elly De La Cruz,,,
399,5220779640,billynumbers,54.339996,61.55,1B Nathaniel Lowe 2B Jorge Polanco 3B Jose Ramirez C Agustin Ramirez OF Chase DeLauter OF Jo Adell OF Steven Kwan P Dylan Cease P Eury Perez SS Francisco Lindor,,,
399,5220764846,pdt13 (11/17),35.67,61.55,1B Bryce Harper 2B Jake Cronenworth 3B Javier Sanoja C Alejandro Kirk OF Corbin Carroll OF Steven Kwan OF Zach McKinstry P Dylan Cease P Eury Perez SS Geraldo Perdomo,,,
401,5220751787,Wanna_Square_Up1567 (7/17),28.85,61.5,1B Michael Toglia 2B Ketel Marte 3B Manny Machado C Gabriel Moreno OF Corbin Carroll OF Jackson Merrill OF Jorge Barrosa P Dylan Cease P Nick Lodolo SS Geraldo Perdomo,,,
402,5220765795,jboehm,21.18,61.25,1B Tim Tawa 2B Luis Arraez 3B Caleb Durbin C Luis Torrens OF Ronald Acuna Jr. OF Corbin Carroll OF Jakob Marsee P Sean Burke P Eury Perez SS Geraldo Perdomo,,,
403,5220769404,BadMOFO55,25.34,61.2,1B Jared Young 2B Xavier Edwards 3B Leo Jimenez C Agustin Ramirez OF Michael Harris II OF Jackson Merrill OF Heriberto Hernandez P Dylan Cease P Sean Burke SS Otto Lopez,,,
403,5220785739,FATEFELLSHORT (2/16),13.69,61.2,1B Dominic Smith 2B Ketel Marte 3B Charles McAdoo C Gabriel Moreno OF Corbin Carroll OF Max Kepler OF Mike Yastrzemski P Dylan Cease P Sean Burke SS Geraldo Perdomo,,,
403,5220785753,FATEFELLSHORT (4/16),13.69,61.2,1B Dominic Smith 2B Ketel Marte 3B Charles McAdoo C Gabriel Moreno OF Corbin Carroll OF Max Kepler OF Mike Yastrzemski P Dylan Cease P Sean Burke SS Geraldo Perdomo,,,
403,5220785780,FATEFELLSHORT (6/16),13.69,61.2,1B Dominic Smith 2B Ketel Marte 3B Charles McAdoo C Gabriel Moreno OF Corbin Carroll OF Max Kepler OF Mike Yastrzemski P Dylan Cease P Sean Burke SS Geraldo Perdomo,,,
403,5220787666,FATEFELLSHORT (8/16),13.69,61.2,1B Dominic Smith 2B Ketel Marte 3B Charles McAdoo C Gabriel Moreno OF Corbin Carroll OF Max Kepler OF Mike Yastrzemski P Dylan Cease P Sean Burke SS Geraldo Perdomo,,,
403,5220787671,FATEFELLSHORT (10/16),13.69,61.2,1B Dominic Smith 2B Ketel Marte 3B Charles McAdoo C Gabriel Moreno OF Corbin Carroll OF Max Kepler OF Mike Yastrzemski P Dylan Cease P Sean Burke SS Geraldo Perdomo,,,
403,5220787683,FATEFELLSHORT (12/16),13.69,61.2,1B Dominic Smith 2B Ketel Marte 3B Charles McAdoo C Gabriel Moreno OF Corbin Carroll OF Max Kepler OF Mike Yastrzemski P Dylan Cease P Sean Burke SS Geraldo Perdomo,,,
403,5220787692,FATEFELLSHORT (14/16),13.69,61.2,1B Dominic Smith 2B Ketel Marte 3B Charles McAdoo C Gabriel Moreno OF Corbin Carroll OF Max Kepler OF Mike Yastrzemski P Dylan Cease P Sean Burke SS Geraldo Perdomo,,,
403,5220787696,FATEFELLSHORT (16/16),13.69,61.2,1B Dominic Smith 2B Ketel Marte 3B Charles McAdoo C Gabriel Moreno OF Corbin Carroll OF Max Kepler OF Mike Yastrzemski P Dylan Cease P Sean Burke SS Geraldo Perdomo,,,
412,5220785917,bjjball44 (16/17),26.01,60.9,1B Michael Toglia 2B Bryson Stott 3B Jose Ramirez C Agustin Ramirez OF Corbin Carroll OF A.J. Ewing OF Tim Tawa P Dylan Cease P Drew Anderson SS Francisco Lindor,,,
413,5220767732,psumav (3/13),29,60.75,1B Kyle Schwarber 2B Jorge Polanco 3B Bryson Stott C Drew Romo OF Bryce Harper OF Carson Benge OF A.J. Ewing P Dylan Cease P Andrew Painter SS Francisco Lindor,,,
413,5220786133,psumav (13/13),29,60.75,1B Kyle Schwarber 2B Jorge Polanco 3B Bryson Stott C Drew Romo OF Bryce Harper OF Carson Benge OF A.J. Ewing P Dylan Cease P Andrew Painter SS Francisco Lindor,,,
415,5220756745,cha457 (7/17),39.5,60.7,1B Nathaniel Lowe 2B Xavier Edwards 3B Jose Ramirez C Agustin Ramirez OF Esteury Ruiz OF Jo Adell OF Javier Sanoja P Dylan Cease P Christian Scott SS Otto Lopez,,,
416,5220774074,FantasyCrusader (3/8),19.01,60.05,1B Abimelec Ortiz 2B Xavier Edwards 3B Javier Sanoja C Agustin Ramirez OF Daylen Lile OF Heriberto Hernandez OF Esteury Ruiz P Dylan Cease P Patrick Sandoval SS CJ Abrams,,,
417,5220764844,pdt13 (9/17),26.33,59.75,1B Kyle Schwarber 2B Bryson Stott 3B Javier Sanoja C Agustin Ramirez OF Corbin Carroll OF Trevor Larnach OF Heriberto Hernandez P Eury Perez P Christian Scott SS Geraldo Perdomo,,,
418,5220783719,startingnine23,42,59.7,1B Sal Stewart 2B Bryson Stott 3B Alec Bohm C Freddy Fermin OF Corbin Carroll OF Luis Rengifo OF Gavin Sheets P Dylan Cease P Christian Scott SS Francisco Lindor,,,
419,5220760967,postalwolf,34.989998,59.6,1B Josh Bell 2B Luis Arraez 3B Caleb Durbin C Adley Rutschman OF Bryce Harper OF Wilyer Abreu OF Steven Kwan P Ryan Weathers P Christian Scott SS George Lombard Jr.,,,
420,5220756747,cha457 (9/17),55,59.55,1B Ty France 2B Jake Cronenworth 3B Manny Machado C Agustin Ramirez OF Jackson Merrill OF Heriberto Hernandez OF Esteury Ruiz P Dylan Cease P Eury Perez SS Xander Bogaerts,,,
420,5220770499,miwills8,34.48,59.55,1B Alec Bohm 2B Luis Arraez 3B Caleb Durbin C J.T. Realmuto OF Wilyer Abreu OF Brandon Marsh OF Edmundo Sosa P Dylan Cease P Eury Perez SS Kaelen Culpepper,,,
420,5220781404,savagebucket,27.99,59.55,1B Alec Bohm 2B Luis Arraez 3B Bryson Stott C Brian Navarreto OF Heriberto Hernandez OF Esteury Ruiz OF Jakob Marsee P Dylan Cease P Eury Perez SS Otto Lopez,,,
423,5220755701,HanginWitTubby,28.83,59.25,1B Jared Young 2B Gleyber Torres 3B Bryson Stott C Luis Torrens OF Bryce Harper OF Wilyer Abreu OF Ceddanne Rafaela P Sean Burke P Eury Perez SS Edmundo Sosa,,,
424,5220779431,TheShook33,35.67,59.2,1B Abimelec Ortiz 2B Bryson Stott 3B Alec Bohm C Rafael Flores Jr. OF Corbin Carroll OF Chase DeLauter OF Steven Kwan P Dylan Cease P Sean Burke SS Francisco Lindor,,,
424,5220766057,Cobra777666777,23.5,59.2,1B Abimelec Ortiz 2B Bryson Stott 3B Caleb Durbin C Alejandro Kirk OF Ceddanne Rafaela OF Sam Antonacci OF Jarren Duran P Dylan Cease P Sean Burke SS Andruw Monasterio,,,
426,5220785918,bjjball44 (17/17),31.84,58.9,1B Michael Toglia 2B Matt McLain 3B Manny Machado C Agustin Ramirez OF Fernando Tatis Jr. OF Corbin Carroll OF Heriberto Hernandez P Dylan Cease P Drew Anderson SS Francisco Lindor,,,
426,5220785909,bjjball44 (8/17),31.01,58.9,1B Tim Tawa 2B Matt McLain 3B Manny Machado C Agustin Ramirez OF Fernando Tatis Jr. OF Corbin Carroll OF Jakob Marsee P Dylan Cease P Drew Anderson SS Francisco Lindor,,,
426,5220775069,Darkmen715 (8/17),21.17,58.9,1B Michael Toglia 2B Bryson Stott 3B Kevin McGonigle C Agustin Ramirez OF Corbin Carroll OF A.J. Ewing OF Heriberto Hernandez P Dylan Cease P Drew Anderson SS Otto Lopez,,,
429,5220779272,mlipsco,44.17,58.7,1B Kazuma Okamoto 2B Ernie Clement 3B Manny Machado C Freddy Fermin OF Fernando Tatis Jr. OF George Springer OF Luis Rengifo P Dylan Cease P Christian Scott SS Francisco Lindor,,,
429,5220753621,XYZee03 (11/17),20,58.7,1B Sal Stewart 2B Matt McLain 3B Eugenio Suarez C Agustin Ramirez OF JJ Bleday OF Heriberto Hernandez OF TJ Friedl P Dylan Cease P Christian Scott SS Otto Lopez,,,
431,5220775485,Stree (5/12),33.65,58.449997,1B Kyle Schwarber 2B Luis Arraez 3B Bryson Stott C Brian Navarreto OF Bryce Harper OF Esteury Ruiz OF Jakob Marsee P Eury Perez P Ryan Weathers SS Edmundo Sosa,,,
432,5220784499,statis.official (1/12),27.83,58.25,1B Kyle Schwarber 2B Bryson Stott 3B Alec Bohm C Gabriel Moreno OF Esteury Ruiz OF Luke Keaschall OF Tim Tawa P Sean Burke P Eury Perez SS Francisco Lindor,,,
432,5220784500,statis.official (2/12),27.83,58.25,1B Kyle Schwarber 2B Bryson Stott 3B Nolan Arenado C J.T. Realmuto OF Esteury Ruiz OF Luke Keaschall OF Tim Tawa P Sean Burke P Eury Perez SS Francisco Lindor,,,
432,5220784507,statis.official (9/12),26,58.25,1B Kyle Schwarber 2B Matt McLain 3B Bryson Stott C Gabriel Moreno OF Esteury Ruiz OF Luke Keaschall OF Tim Tawa P Sean Burke P Eury Perez SS Francisco Lindor,,,
432,5220784526,neterka (1/2),24.84,58.25,1B Jared Young 2B Brett Baty 3B Bryson Stott C Rafael Flores Jr. OF Byron Buxton OF Corbin Carroll OF Heriberto Hernandez P Sean Burke P Eury Perez SS Francisco Lindor,,,
436,5220763985,Mrboozer (1/2),30,58.15,1B Josh Bell 2B Matt McLain 3B Jared Triolo C Rafael Flores Jr. OF Byron Buxton OF Corbin Carroll OF Steven Kwan P Dylan Cease P Jake Irvin SS CJ Abrams,,,
437,5220753396,ts1rlm,33.17,58.100002,1B Kyle Schwarber 2B Anthony Seigler 3B Manny Machado C Drake Baldwin OF Dylan Crews OF Trent Grisham OF Jake Mangum P Ryan Weathers P Hunter Barco SS Javier Baez,,,
438,5220773478,gowest1989,21.51,58.05,1B Jared Young 2B Anthony Seigler 3B Bo Bichette C Adley Rutschman OF Wilyer Abreu OF Ceddanne Rafaela OF Carson Benge P Dylan Cease P Patrick Sandoval SS Andruw Monasterio,,,
439,5220767646,Johnny_Great (1/3),20,57.9,1B Sal Stewart 2B Xavier Edwards 3B Ke'Bryan Hayes C Agustin Ramirez OF JJ Bleday OF Esteury Ruiz OF Javier Sanoja P Dylan Cease P Drew Anderson SS Elly De La Cruz,,,
440,5220761457,ruckness815 (2/2),21,57.7,1B Sal Stewart 2B Ketel Marte 3B Bryson Stott C Brian Navarreto OF Heriberto Hernandez OF Esteury Ruiz OF Javier Sanoja P Dylan Cease P Christian Scott SS Otto Lopez,,,
440,5220749468,Gronkowski69 (2/12),19.5,57.7,1B Michael Toglia 2B Matt McLain 3B Eugenio Suarez C Agustin Ramirez OF JJ Bleday OF George Springer OF Heriberto Hernandez P Dylan Cease P Christian Scott SS Elly De La Cruz,,,
442,5220756871,adambomb49ers,33.33,57.25,1B Josh Bell 2B Matt McLain 3B Kevin McGonigle C Agustin Ramirez OF Bryce Harper OF Ronald Acuna Jr. OF Bryan Reynolds P Tanner Bibee P Nick Lodolo SS Jared Triolo,,,
443,5220775068,Darkmen715 (7/17),21,56.9,1B Michael Toglia 2B Bryson Stott 3B Kevin McGonigle C Agustin Ramirez OF Corbin Carroll OF George Springer OF Heriberto Hernandez P Dylan Cease P Drew Anderson SS Otto Lopez,,,
444,5220775075,Darkmen715 (14/17),30.17,56.75,1B Michael Toglia 2B Jake Cronenworth 3B Miguel Vargas C Agustin Ramirez OF Byron Buxton OF Corbin Carroll OF Heriberto Hernandez P Eury Perez P Christian Scott SS Francisco Lindor,,,
445,5220753175,tfamularo (2/4),44.5,56.6,1B Kyle Schwarber 2B Brett Baty 3B Jose Ramirez C Freddy Fermin OF Brandon Marsh OF Heriberto Hernandez OF Luis Rengifo P Ryan Weathers P Christian Scott SS Francisco Lindor,,,
445,5220760910,freedom2dfs,31,56.6,1B Ty France 2B Jorge Polanco 3B Bryson Stott C Agustin Ramirez OF Bryce Harper OF Corbin Carroll OF Heriberto Hernandez P Ryan Weathers P Christian Scott SS Otto Lopez,,,
445,5220780009,Fitzoreo (2/2),22.17,56.6,1B Miguel Vargas 2B Xavier Edwards 3B Charles McAdoo C Agustin Ramirez OF Byron Buxton OF Corbin Carroll OF Heriberto Hernandez P Ryan Weathers P Christian Scott SS Geraldo Perdomo,,,
448,5220779215,cazdawg123,31.34,56.3,1B Kazuma Okamoto 2B Luis Arraez 3B Bo Bichette C James McCann OF Michael Harris II OF Ceddanne Rafaela OF Trent Grisham P Eury Perez P Tanner Bibee SS Colson Montgomery,,,
449,5220780035,JERKER19 (4/5),18.68,56.2,1B Jared Young 2B Xavier Edwards 3B Javier Sanoja C Agustin Ramirez OF Carson Benge OF A.J. Ewing OF Heriberto Hernandez P Dylan Cease P Sean Burke SS Francisco Lindor,,,
449,5220767295,miguelag08,15.85,56.2,1B Michael Toglia 2B Ketel Marte 3B Eugenio Suarez C Gabriel Moreno OF Corbin Carroll OF Javier Sanoja OF Tim Tawa P Dylan Cease P Sean Burke SS Geraldo Perdomo,,,
451,5220787959,BigWilburStyle (1/2),20.67,56.15,1B Kyle Schwarber 2B Ketel Marte 3B Charles McAdoo C Agustin Ramirez OF Byron Buxton OF Heriberto Hernandez OF Tim Tawa P Dylan Cease P Jake Irvin SS Geraldo Perdomo,,,
452,5220767734,psumav (5/13),23.35,56.05,1B Nathaniel Lowe 2B Ketel Marte 3B Nick Yorke C Gabriel Moreno OF Wilyer Abreu OF Corbin Carroll OF Max Kepler P Dylan Cease P Patrick Sandoval SS Geraldo Perdomo,,,
453,5220785902,bjjball44 (1/17),32.17,55.9,1B Michael Toglia 2B Jake Cronenworth 3B Eugenio Suarez C Agustin Ramirez OF Fernando Tatis Jr. OF Corbin Carroll OF Javier Sanoja P Dylan Cease P Drew Anderson SS Elly De La Cruz,,,
453,5220775071,Darkmen715 (10/17),20.5,55.9,1B Sal Stewart 2B Matt McLain 3B Eugenio Suarez C Agustin Ramirez OF JJ Bleday OF Heriberto Hernandez OF Zach McKinstry P Dylan Cease P Drew Anderson SS Elly De La Cruz,,,
453,5220775070,Darkmen715 (9/17),20,55.9,1B Sal Stewart 2B Ernie Clement 3B Eugenio Suarez C Agustin Ramirez OF JJ Bleday OF Heriberto Hernandez OF Zach McKinstry P Dylan Cease P Drew Anderson SS Elly De La Cruz,,,
456,5220785911,bjjball44 (10/17),47,55.7,1B Michael Toglia 2B Jake Cronenworth 3B Bryson Stott C Agustin Ramirez OF Fernando Tatis Jr. OF Corbin Carroll OF Jackson Merrill P Dylan Cease P Christian Scott SS Xander Bogaerts,,,
456,5220770054,kyleorso (10/17),34.83,55.7,1B Charles McAdoo 2B Jake Cronenworth 3B Leo Jimenez C Brian Navarreto OF Byron Buxton OF Fernando Tatis Jr. OF Ceddanne Rafaela P Dylan Cease P Christian Scott SS Elly De La Cruz,,,
458,5220777263,Bmk1,18.01,55.4,1B Munetaka Murakami 2B Matt McLain 3B Caleb Durbin C Gabriel Moreno OF Trent Grisham OF Mike Yastrzemski OF Tim Tawa P Sean Burke P Christian Scott SS Elly De La Cruz,,,
459,5220784509,statis.official (11/12),25.5,55.25,1B Kyle Schwarber 2B Bryson Stott 3B Eugenio Suarez C Gabriel Moreno OF Esteury Ruiz OF Luke Keaschall OF Tim Tawa P Sean Burke P Eury Perez SS Geraldo Perdomo,,,
460,5220753616,XYZee03 (6/17),18.01,55.05,1B Jared Young 2B Ketel Marte 3B Javier Sanoja C Agustin Ramirez OF Corbin Carroll OF Heriberto Hernandez OF Jakob Marsee P Dylan Cease P Patrick Sandoval SS Otto Lopez,,,
461,5220763754,GHROSS (1/6),25.01,54.85,1B Ty France 2B Ozzie Albies 3B Kazuma Okamoto C Drake Baldwin OF Ronald Acuna Jr. OF Michael Harris II OF Ceddanne Rafaela P Sean Burke P Jake Irvin SS Kaelen Culpepper,,,
462,5220764845,pdt13 (10/17),26.33,54.75,1B Bryce Harper 2B Bryson Stott 3B Javier Sanoja C Agustin Ramirez OF Corbin Carroll OF Trevor Larnach OF Heriberto Hernandez P Eury Perez P Christian Scott SS Geraldo Perdomo,,,
463,5220775488,Stree (8/12),27.99,54.7,1B Alec Bohm 2B Nick Sogard 3B Caleb Durbin C Adley Rutschman OF Byron Buxton OF Ceddanne Rafaela OF Justin Crawford P Dylan Cease P Christian Scott SS Andruw Monasterio,,,
463,5220756748,cha457 (10/17),23.66,54.7,1B Michael Toglia 2B Xavier Edwards 3B Bryson Stott C Agustin Ramirez OF Bryce Harper OF Heriberto Hernandez OF Javier Sanoja P Dylan Cease P Christian Scott SS Otto Lopez,,,
465,5220753642,spellcalvin95,31.82,54.4,1B Alec Bohm 2B Bryson Stott 3B Kevin McGonigle C J.T. Realmuto OF Brandon Marsh OF A.J. Ewing OF Justin Crawford P Dylan Cease P Ryan Weathers SS Javier Baez,,,
466,5220782215,jhc1532,43.17,54.25,1B Jared Young 2B Xavier Edwards 3B Jose Ramirez C Rafael Flores Jr. OF Bryan Reynolds OF Jackson Merrill OF Chase DeLauter P Sean Burke P Eury Perez SS Andruw Monasterio,,,
466,5220784510,statis.official (12/12),28.16,54.25,1B Kyle Schwarber 2B Bryson Stott 3B Alec Bohm C Gabriel Moreno OF Esteury Ruiz OF Luke Keaschall OF Tim Tawa P Sean Burke P Eury Perez SS Otto Lopez,,,
468,5220752882,GGHOSTMANH (8/17),40.17,54.2,1B Nick Yorke 2B Jake Cronenworth 3B Eugenio Suarez C Rafael Flores Jr. OF Fernando Tatis Jr. OF Corbin Carroll OF Jake Mangum P Dylan Cease P Sean Burke SS Xander Bogaerts,,,
468,5220773175,GregoryChickman,26.67,54.2,1B Charles McAdoo 2B Sam Antonacci 3B Bryson Stott C Gabriel Moreno OF Wilyer Abreu OF Jo Adell OF Brett Bateman P Dylan Cease P Sean Burke SS Geraldo Perdomo,,,
470,5220787685,mcniiick9 (1/2),28.66,54.1,1B Miguel Vargas 2B Sam Antonacci 3B Caleb Durbin C Rafael Flores Jr. OF Wilyer Abreu OF Kody Clemens OF Braden Montgomery P Sean Burke P Ryan Weathers SS Kaelen Culpepper,,,
470,5220787694,mcniiick9 (2/2),28.66,54.1,1B Miguel Vargas 2B Sam Antonacci 3B Caleb Durbin C Rafael Flores Jr. OF Wilyer Abreu OF Kody Clemens OF Braden Montgomery P Sean Burke P Ryan Weathers SS Kaelen Culpepper,,,
472,5220785903,bjjball44 (2/17),26.34,53.9,1B Michael Toglia 2B Bryson Stott 3B Jose Ramirez C Agustin Ramirez OF Corbin Carroll OF A.J. Ewing OF Heriberto Hernandez P Dylan Cease P Drew Anderson SS Geraldo Perdomo,,,
473,5220784713,NEWINNER,29.34,53.85,1B Ty France 2B Bryson Stott 3B Colson Montgomery C Rafael Flores Jr. OF Corbin Carroll OF Trent Grisham OF A.J. Ewing P Eury Perez P Michael Soroka SS Geraldo Perdomo,,,
474,5220764842,pdt13 (7/17),29.34,53.45,1B Jared Young 2B Jorge Polanco 3B Eugenio Suarez C Agustin Ramirez OF Byron Buxton OF Corbin Carroll OF Heriberto Hernandez P Casey Mize P Christian Scott SS Elly De La Cruz,,,
475,5220755136,druff000,36.339996,53.25,1B Josh Bell 2B Bryson Stott 3B Nolan Arenado C Gabriel Moreno OF Jackson Merrill OF Chase DeLauter OF Carson Benge P Sean Burke P Eury Perez SS Geraldo Perdomo,,,
475,5220756888,CDayne,35.34,53.25,1B Charles McAdoo 2B Jake Cronenworth 3B Jared Triolo C Agustin Ramirez OF Byron Buxton OF Michael Harris II OF Daylen Lile P Dylan Cease P Casey Mize SS Geraldo Perdomo,,,
475,5220784066,pontikis22,26.17,53.25,1B Royce Lewis 2B Chase Meidroth 3B Brady House C Connor Wong OF Wilyer Abreu OF Ceddanne Rafaela OF Daylen Lile P Sean Burke P Eury Perez SS Andruw Monasterio,,,
475,5220777066,blitzburgh07 (2/2),24.34,53.25,1B Abimelec Ortiz 2B Sam Antonacci 3B Bryson Stott C Alejandro Kirk OF Wilyer Abreu OF Carson Benge OF Braden Montgomery P Sean Burke P Eury Perez SS Francisco Lindor,,,
479,5220787679,Erikbolt,34,53.2,1B Kyle Schwarber 2B Jake Cronenworth 3B Kazuma Okamoto C Agustin Ramirez OF Heriberto Hernandez OF Mike Yastrzemski OF Gavin Sheets P Dylan Cease P Sean Burke SS Colson Montgomery,,,
480,5220767735,psumav (6/13),30.83,52.8,1B Kyle Schwarber 2B Ketel Marte 3B Bryson Stott C Gabriel Moreno OF Bryce Harper OF Corbin Carroll OF Jorge Barrosa P Eury Perez P Andrew Painter SS Edmundo Sosa,,,
481,5220783653,dylanjohn,37.16,52.449997,1B Josh Bell 2B Nick Sogard 3B Caleb Durbin C Adley Rutschman OF Wilyer Abreu OF Ceddanne Rafaela OF Trevor Larnach P Eury Perez P Ryan Weathers SS Xander Bogaerts,,,
482,5220778151,nrd53920 (2/6),31.35,52.2,1B Jared Young 2B Jake Cronenworth 3B Manny Machado C Agustin Ramirez OF Carson Benge OF A.J. Ewing OF Luis Robert Jr. P Dylan Cease P Sean Burke SS Francisco Lindor,,,
482,5220754150,JERKER19 (1/5),19.01,52.2,1B Jared Young 2B Xavier Edwards 3B Javier Sanoja C Agustin Ramirez OF Carson Benge OF A.J. Ewing OF Heriberto Hernandez P Dylan Cease P Sean Burke SS Otto Lopez,,,
484,5220774571,tngmtntnnjabortles,52.339996,52.05,1B Ty France 2B Jake Cronenworth 3B Manny Machado C Drew Romo OF Fernando Tatis Jr. OF Jackson Merrill OF A.J. Ewing P Dylan Cease P Patrick Sandoval SS Francisco Lindor,,,
485,5220775072,Darkmen715 (11/17),25.67,51.9,1B Sal Stewart 2B Jake Cronenworth 3B Eugenio Suarez C Agustin Ramirez OF JJ Bleday OF Heriberto Hernandez OF Mike Yastrzemski P Dylan Cease P Drew Anderson SS Elly De La Cruz,,,
486,5220766237,jbenne03,31.32,51.75,1B Kyle Schwarber 2B Luis Arraez 3B Bryson Stott C Gabriel Moreno OF Bryce Harper OF Corbin Carroll OF Brandon Marsh P Nick Lodolo P Andrew Painter SS George Lombard Jr.,,,
487,5220752880,GGHOSTMANH (6/17),35.32,51.7,1B Alec Bohm 2B Luis Arraez 3B Bryson Stott C Brian Navarreto OF Bryce Harper OF Brandon Marsh OF Gavin Sheets P Dylan Cease P Christian Scott SS Francisco Lindor,,,
488,5220780259,huntsaa7,24.99,51.4,1B Luis Garcia Jr. 2B Royce Lewis 3B Charles McAdoo C Ben Rice OF Byron Buxton OF Trent Grisham OF Spencer Jones P Sean Burke P Dean Kremer SS George Lombard Jr.,,,
488,5220768816,the_dreamer (2/6),23.84,51.4,1B Alec Bohm 2B Bryson Stott 3B Bo Bichette C Luis Torrens OF Bryce Harper OF Carson Benge OF A.J. Ewing P Sean Burke P Christian Scott SS Francisco Lindor,,,
488,5220773261,the_dreamer (3/6),23.84,51.4,1B Alec Bohm 2B Bryson Stott 3B Bo Bichette C Luis Torrens OF Bryce Harper OF Carson Benge OF A.J. Ewing P Sean Burke P Christian Scott SS Francisco Lindor,,,
488,5220781909,the_dreamer (6/6),23.84,51.4,1B Alec Bohm 2B Bryson Stott 3B Bo Bichette C Luis Torrens OF Bryce Harper OF Carson Benge OF A.J. Ewing P Sean Burke P Christian Scott SS Francisco Lindor,,,
492,5220768766,VonderPets,30.15,51.25,1B Kyle Schwarber 2B Bryson Stott 3B Alec Bohm C Victor Caratini OF Wilyer Abreu OF Esmerlyn Valdez OF Andrew Benintendi P Sean Burke P Eury Perez SS Edmundo Sosa,,,
493,5220784002,Mrboozer (2/2),32.34,51.2,1B Ty France 2B Jake Cronenworth 3B Eugenio Suarez C Gabriel Moreno OF JJ Bleday OF Esmerlyn Valdez OF Carson Benge P Sean Burke P Nick Lodolo SS Elly De La Cruz,,,
493,5220775492,Stree (12/12),19.67,51.2,1B Tim Tawa 2B Xavier Edwards 3B Eugenio Suarez C Agustin Ramirez OF JJ Bleday OF Heriberto Hernandez OF Javier Sanoja P Dylan Cease P Sean Burke SS Colson Montgomery,,,
495,5220778858,JGLspeaks (5/5),23.34,51.1,1B Bryce Harper 2B Ketel Marte 3B Bryson Stott C Gabriel Moreno OF Corbin Carroll OF Tim Tawa OF Jorge Barrosa P Sean Burke P Ryan Weathers SS Edmundo Sosa,,,
496,5220784670,pkellen (3/3),54,51.05,1B Miguel Vargas 2B Travis Bazzana 3B Jose Ramirez C Drew Romo OF Chase DeLauter OF Jo Adell OF Steven Kwan P Dylan Cease P Patrick Sandoval SS Colson Montgomery,,,
497,5220767731,psumav (2/13),21.35,50.75,1B Tim Tawa 2B Ketel Marte 3B Bo Bichette C Brian Navarreto OF Wilyer Abreu OF Corbin Carroll OF Carson Benge P Dylan Cease P Andrew Painter SS Francisco Lindor,,,
498,5220775481,Stree (1/12),21.83,50.7,1B Michael Toglia 2B Xavier Edwards 3B Javier Sanoja C Brian Navarreto OF Bryce Harper OF Heriberto Hernandez OF Jakob Marsee P Dylan Cease P Christian Scott SS Elly De La Cruz,,,
499,5220770048,kyleorso (4/17),29.84,50.65,1B Kyle Schwarber 2B Ketel Marte 3B Eugenio Suarez C Agustin Ramirez OF Ronald Acuna Jr. OF Byron Buxton OF Corbin Carroll P Drew Anderson P Mason Miller SS Francisco Lindor,,,
500,5220775768,brandonabk (1/4),31.34,50.449997,1B Kyle Schwarber 2B Nick Sogard 3B Jorge Polanco C Ben Rice OF Carson Benge OF Steven Kwan OF Mike Yastrzemski P Eury Perez P Ryan Weathers SS Otto Lopez,,,
501,5220755804,MnvKCfan02,20.83,50.4,1B Luis Garcia Jr. 2B Xavier Edwards 3B Kazuma Okamoto C Adley Rutschman OF Byron Buxton OF Jarren Duran OF George Springer P Sean Burke P Christian Scott SS George Lombard Jr.,,,
502,5220752889,GGHOSTMANH (15/17),31.67,50.25,1B Michael Toglia 2B Nick Sogard 3B Caleb Durbin C Connor Wong OF Wilyer Abreu OF Ceddanne Rafaela OF Billy Cook P Dylan Cease P Casey Mize SS CJ Abrams,,,
503,5220778885,Pololover47,45.84,50.2,1B Ty France 2B Bryson Stott 3B Nolan Arenado C James McCann OF Fernando Tatis Jr. OF A.J. Ewing OF Steven Kwan P Dylan Cease P Sean Burke SS Brayan Rocchio,,,
504,5220753174,tfamularo (1/4),37.66,49.6,1B Kyle Schwarber 2B Bryson Stott 3B Ryan McMahon C Freddy Fermin OF Bryce Harper OF Heriberto Hernandez OF Luis Rengifo P Ryan Weathers P Christian Scott SS Francisco Lindor,,,
505,5220769346,sdogg631,39.85,49.45,1B Sal Stewart 2B Ketel Marte 3B Brady House C Luis Torrens OF Fernando Tatis Jr. OF Chase DeLauter OF Brett Baty P Casey Mize P Christian Scott SS Francisco Lindor,,,
505,5220781880,wardsound (4/4),33.17,49.449997,1B Alec Bohm 2B Matt McLain 3B Brady House C Rafael Flores Jr. OF Fernando Tatis Jr. OF Wilyer Abreu OF Corbin Carroll P Eury Perez P Ryan Weathers SS Andruw Monasterio,,,
507,5220784496,Greed603,22.34,49.35,1B Josh Bell 2B Nick Sogard 3B Bo Bichette C Adley Rutschman OF Wilyer Abreu OF Corbin Carroll OF Jarren Duran P Michael Soroka P Patrick Sandoval SS Francisco Lindor,,,
508,5220779887,jdwilliams1911,41.84,48.95,1B Nick Sogard 2B Ozzie Albies 3B Brooks Lee C Freddy Fermin OF Ronald Acuna Jr. OF Fernando Tatis Jr. OF A.J. Ewing P Sean Burke P Casey Mize SS Jose Caballero,,,
509,5220765292,dragon8700,32.5,48.8,1B Kazuma Okamoto 2B Sam Antonacci 3B Colson Montgomery C Adley Rutschman OF Wilyer Abreu OF Kody Clemens OF Ceddanne Rafaela P Tanner Bibee P Patrick Sandoval SS Francisco Lindor,,,
509,5220778343,Bowzer636,31.5,48.8,1B Sal Stewart 2B Kody Clemens 3B Kazuma Okamoto C Drake Baldwin OF Carson Benge OF Trevor Larnach OF Heriberto Hernandez P Tanner Bibee P Patrick Sandoval SS Kevin McGonigle,,,
511,5220784505,statis.official (7/12),28.66,48.25,1B Kyle Schwarber 2B Bryson Stott 3B Eugenio Suarez C J.T. Realmuto OF Esteury Ruiz OF Luke Keaschall OF Tim Tawa P Sean Burke P Eury Perez SS Francisco Lindor,,,
511,5220767736,psumav (7/13),22.68,48.25,1B Nick Sogard 2B Jorge Polanco 3B Nolan Arenado C Adley Rutschman OF Wilyer Abreu OF Ceddanne Rafaela OF Carson Benge P Sean Burke P Eury Perez SS Francisco Lindor,,,
513,5220752887,GGHOSTMANH (13/17),59,47.7,1B Ty France 2B Jake Cronenworth 3B Manny Machado C Brian Navarreto OF Jackson Merrill OF Jo Adell OF Luis Rengifo P Dylan Cease P Christian Scott SS Otto Lopez,,,
514,5220788073,d9144 (9/12),54.339996,47.4,1B Ty France 2B Jake Cronenworth 3B Manny Machado C Drake Baldwin OF Fernando Tatis Jr. OF Michael Harris II OF Jackson Merrill P Sean Burke P Dean Kremer SS Jim Jarvis,,,
515,5220785942,Gronkowski69 (9/12),33.98,46.75,1B Kyle Schwarber 2B Bryson Stott 3B Eugenio Suarez C Rafael Flores Jr. OF Bryce Harper OF Brandon Marsh OF Heriberto Hernandez P Dylan Cease P Andrew Painter SS Edmundo Sosa,,,
516,5220755166,ivymoose (1/5),69.83,46.55,1B Nathaniel Lowe 2B Bryson Stott 3B Manny Machado C Freddy Fermin OF Fernando Tatis Jr. OF Jo Adell OF Luis Rengifo P Dylan Cease P Eury Perez SS Xander Bogaerts,,,
517,5220779943,61rambler,36.17,46.5,1B Josh Bell 2B Sam Antonacci 3B Eugenio Suarez C Agustin Ramirez OF Fernando Tatis Jr. OF Michael Harris II OF JJ Bleday P Casey Mize P Bryce Elder SS Geraldo Perdomo,,,
518,5220784669,pkellen (2/3),26.34,46.25,1B Jared Young 2B Bryson Stott 3B Jorge Polanco C J.T. Realmuto OF Bryce Harper OF Carson Benge OF A.J. Ewing P Sean Burke P Eury Perez SS Francisco Lindor,,,
519,5220767738,psumav (9/13),33.65,45.75,1B Kyle Schwarber 2B Nick Sogard 3B Bryson Stott C Adley Rutschman OF Wilyer Abreu OF Ceddanne Rafaela OF Justin Crawford P Dylan Cease P Andrew Painter SS Edmundo Sosa,,,
519,5220781758,jc000000,27.33,45.75,1B Kyle Schwarber 2B Jorge Polanco 3B Javier Sanoja C Agustin Ramirez OF Bryce Harper OF A.J. Ewing OF Heriberto Hernandez P Dylan Cease P Andrew Painter SS Otto Lopez,,,
521,5220777914,coacht528,38.83,45.6,1B Ty France 2B Bryson Stott 3B Alec Bohm C Alejandro Kirk OF Bryce Harper OF Fernando Tatis Jr. OF Mike Yastrzemski P Ryan Weathers P Christian Scott SS Francisco Lindor,,,
522,5220752888,GGHOSTMANH (14/17),38.68,45.25,1B Michael Toglia 2B Ketel Marte 3B Eugenio Suarez C James McCann OF Corbin Carroll OF Chase DeLauter OF Steven Kwan P Dylan Cease P Tanner Bibee SS Geraldo Perdomo,,,
523,5220785915,bjjball44 (14/17),27.17,45.05,1B Michael Toglia 2B Bryson Stott 3B Manny Machado C Agustin Ramirez OF Corbin Carroll OF A.J. Ewing OF Heriberto Hernandez P Dylan Cease P Patrick Sandoval SS Otto Lopez,,,
524,5220778846,louiswat,43.33,45,1B Miguel Vargas 2B Royce Lewis 3B Caleb Durbin C Rafael Flores Jr. OF Corbin Carroll OF Kody Clemens OF Sam Antonacci P Casey Mize P Tanner Bibee SS Javier Baez,,,
525,5220775491,Stree (11/12),55,44.75,1B Ty France 2B Jake Cronenworth 3B Manny Machado C Agustin Ramirez OF Fernando Tatis Jr. OF Jackson Merrill OF Heriberto Hernandez P Eury Perez P Christian Scott SS Otto Lopez,,,
525,5220771427,cris_248 (1/4),34.489998,44.75,1B Bryce Harper 2B Luis Arraez 3B Bryson Stott C Agustin Ramirez OF Jackson Merrill OF Heriberto Hernandez OF Javier Sanoja P Eury Perez P Christian Scott SS Otto Lopez,,,
525,5220771428,cris_248 (2/4),34.489998,44.75,1B Bryce Harper 2B Luis Arraez 3B Bryson Stott C Agustin Ramirez OF Jackson Merrill OF Heriberto Hernandez OF Javier Sanoja P Eury Perez P Christian Scott SS Otto Lopez,,,
525,5220771583,cris_248 (3/4),34.489998,44.75,1B Bryce Harper 2B Luis Arraez 3B Bryson Stott C Agustin Ramirez OF Jackson Merrill OF Heriberto Hernandez OF Javier Sanoja P Eury Perez P Christian Scott SS Otto Lopez,,,
525,5220771584,cris_248 (4/4),34.489998,44.75,1B Bryce Harper 2B Luis Arraez 3B Bryson Stott C Agustin Ramirez OF Jackson Merrill OF Heriberto Hernandez OF Javier Sanoja P Eury Perez P Christian Scott SS Otto Lopez,,,
530,5220755371,rkadoerksen,32.84,44.25,1B Kazuma Okamoto 2B Xavier Edwards 3B Jose Ramirez C Freddy Fermin OF Corbin Carroll OF George Springer OF Brett Bateman P Sean Burke P Eury Perez SS Francisco Lindor,,,
530,5220784508,statis.official (10/12),30.49,44.25,1B Kyle Schwarber 2B Bryson Stott 3B Alec Bohm C J.T. Realmuto OF Esteury Ruiz OF Luke Keaschall OF Tim Tawa P Sean Burke P Eury Perez SS Francisco Lindor,,,
530,5220767733,psumav (4/13),23.84,44.25,1B Kyle Schwarber 2B Jorge Polanco 3B Bo Bichette C J.T. Realmuto OF Bryce Harper OF Carson Benge OF A.J. Ewing P Christian Scott P Patrick Sandoval SS Francisco Lindor,,,
530,5220786131,psumav (11/13),23.84,44.25,1B Kyle Schwarber 2B Jorge Polanco 3B Bo Bichette C J.T. Realmuto OF Bryce Harper OF Carson Benge OF A.J. Ewing P Christian Scott P Patrick Sandoval SS Francisco Lindor,,,
534,5220784939,sportsfanatic89 (3/4),18.84,44.2,1B Michael Toglia 2B Matt McLain 3B Javier Sanoja C Agustin Ramirez OF Corbin Carroll OF Carson Benge OF Heriberto Hernandez P Dylan Cease P Sean Burke SS Otto Lopez,,,
534,5220780717,tvick,18.51,44.2,1B Michael Toglia 2B Matt McLain 3B Javier Sanoja C Agustin Ramirez OF Corbin Carroll OF Carson Benge OF A.J. Ewing P Dylan Cease P Sean Burke SS Otto Lopez,,,
536,5220785908,bjjball44 (7/17),20.67,44.05,1B Michael Toglia 2B Matt McLain 3B Bryson Stott C Agustin Ramirez OF Corbin Carroll OF A.J. Ewing OF Heriberto Hernandez P Dylan Cease P Patrick Sandoval SS Elly De La Cruz,,,
537,5220784450,bigfooteagle (2/2),35.66,44,1B Kyle Schwarber 2B Luis Arraez 3B Bryson Stott C Gabriel Moreno OF Bryce Harper OF Corbin Carroll OF Gavin Sheets P Bryce Elder P Andrew Painter SS Geraldo Perdomo,,,
538,5220755771,mtrent96,32.66,43.25,1B Bryce Harper 2B Jose Caballero 3B Eugenio Suarez C Adley Rutschman OF Fernando Tatis Jr. OF Wilyer Abreu OF Brett Bateman P Patrick Sandoval P Dean Kremer SS Elly De La Cruz,,,
538,5220765763,cyclones82,28.83,43.25,1B Sal Stewart 2B Royce Lewis 3B Bryson Stott C Victor Caratini OF Carson Benge OF Luke Keaschall OF Brett Baty P Sean Burke P Eury Perez SS Francisco Lindor,,,
540,5220770109,paulmgarcia420 (2/2),28.5,43.2,1B Alec Bohm 2B Ernie Clement 3B Austin Riley C Alejandro Kirk OF Byron Buxton OF Dylan Crews OF Steven Kwan P Dylan Cease P Sean Burke SS Javier Baez,,,
541,5220767739,psumav (10/13),25.67,42.95,1B Kyle Schwarber 2B Ketel Marte 3B Bryson Stott C Gabriel Moreno OF Bryce Harper OF Corbin Carroll OF Jorge Barrosa P Christian Scott P Andrew Painter SS Geraldo Perdomo,,,
542,5220772667,HIghtower83,52.17,42.5,1B Ty France 2B Jake Cronenworth 3B Caleb Durbin C Austin Hedges OF Fernando Tatis Jr. OF Luis Rengifo OF Brett Bateman P Dylan Cease P Nick Lodolo SS CJ Abrams,,,
542,5220769809,bigmac70,43.17,42.5,1B Rhys Hoskins 2B Xavier Edwards 3B Austin Riley C Adley Rutschman OF Byron Buxton OF Wilyer Abreu OF Michael Harris II P Tanner Bibee P Bryce Elder SS Xander Bogaerts,,,
544,5220775016,JMB4491 (1/2),32.67,42.4,1B Ty France 2B Chase Meidroth 3B Nolan Arenado C Alejandro Kirk OF Fernando Tatis Jr. OF Ceddanne Rafaela OF Heriberto Hernandez P Sean Burke P Christian Scott SS Otto Lopez,,,
545,5220784502,statis.official (4/12),37.82,42.25,1B Kyle Schwarber 2B Bryson Stott 3B Alec Bohm C Victor Caratini OF Chase DeLauter OF Esteury Ruiz OF Luke Keaschall P Sean Burke P Eury Perez SS Francisco Lindor,,,
546,5220780050,Fridgeadair,28.34,41.8,1B Matt Olson 2B Nick Sogard 3B Caleb Durbin C Adley Rutschman OF Ronald Acuna Jr. OF Wilyer Abreu OF George Springer P Casey Mize P Patrick Sandoval SS Andres Gimenez,,,
547,5220773410,kenpee,27.84,41.75,1B Josh Bell 2B Ozzie Albies 3B Brooks Lee C Drake Baldwin OF Wilyer Abreu OF Chase DeLauter OF A.J. Ewing P Sean Burke P Patrick Sandoval SS Geraldo Perdomo,,,
548,5220768724,2015Falcons,32.84,39.75,1B Ty France 2B Brandon Lowe 3B Kevin McGonigle C Gabriel Moreno OF Michael Harris II OF Steven Kwan OF Javier Baez P Sean Burke P Patrick Sandoval SS Otto Lopez,,,
549,5220776571,geamen,27.01,39.4,1B Bryce Harper 2B Nick Sogard 3B Bo Bichette C Agustin Ramirez OF Michael Harris II OF Carson Benge OF A.J. Ewing P Sean Burke P Christian Scott SS Xander Bogaerts,,,
550,5220780442,wienke29,37.5,39.1,1B Royce Lewis 2B Chase Meidroth 3B Caleb Durbin C Alejandro Kirk OF Fernando Tatis Jr. OF Jackson Merrill OF Jake Mangum P Eury Perez P Patrick Sandoval SS Geraldo Perdomo,,,
551,5220778946,joeyjfields,38.83,38.5,1B Sal Stewart 2B Luis Arraez 3B Caleb Durbin C Alejandro Kirk OF Ronald Acuna Jr. OF Wilyer Abreu OF Chase DeLauter P Tanner Bibee P Bryce Elder SS Kaelen Culpepper,,,
552,5220785883,onthewaterfront1,27.82,38.2,1B Alec Bohm 2B Luis Arraez 3B Bryson Stott C Rafael Flores Jr. OF Wilyer Abreu OF Justin Crawford OF Brett Bateman P Dylan Cease P Sean Burke SS Otto Lopez,,,
553,5220785744,worldofjp (3/5),30.32,38.1,1B Sal Stewart 2B Royce Lewis 3B Alec Bohm C Rafael Flores Jr. OF JJ Bleday OF Ceddanne Rafaela OF Brandon Marsh P Sean Burke P Ryan Weathers SS Edmundo Sosa,,,
554,5220784019,Crazychigirl,43.82,37.75,1B Kyle Schwarber 2B Jake Cronenworth 3B Eugenio Suarez C J.T. Realmuto OF Bryce Harper OF Brandon Marsh OF Chase DeLauter P Dylan Cease P Andrew Painter SS Jim Jarvis,,,
555,5220772020,bigdave55er,44,37.45,1B Abimelec Ortiz 2B Chase Meidroth 3B Jose Ramirez C Rafael Flores Jr. OF Bryce Harper OF Spencer Jones OF Steven Kwan P Casey Mize P Christian Scott SS Elly De La Cruz,,,
555,5220777429,bigkt007,38.5,37.45,1B Nathaniel Lowe 2B Sam Antonacci 3B Caleb Durbin C Gabriel Moreno OF Bryce Harper OF Ronald Acuna Jr. OF Luis Rengifo P Sean Burke P Andrew Painter SS Otto Lopez,,,
557,5220752884,GGHOSTMANH (10/17),31,37.25,1B Michael Toglia 2B Matt McLain 3B Kevin McGonigle C Dillon Dingler OF Javier Baez OF Zach McKinstry OF TJ Friedl P Dylan Cease P Tanner Bibee SS Elly De La Cruz,,,
558,5220753176,tfamularo (3/4),44.17,37.15,1B Kyle Schwarber 2B Brett Baty 3B Ryan McMahon C Freddy Fermin OF Bryce Harper OF Carson Benge OF Luis Rengifo P Casey Mize P Ryan Weathers SS Francisco Lindor,,,
558,5220754856,TattMoney (2/2),37.32,37.15,1B Kyle Schwarber 2B Luis Arraez 3B Bryson Stott C Henry Davis OF Bryce Harper OF Andrew Benintendi OF Billy Cook P Casey Mize P Ryan Weathers SS Colson Montgomery,,,
560,5220775722,nrd53920 (1/6),51.339996,36.2,1B Rhys Hoskins 2B Jorge Polanco 3B Jose Ramirez C Agustin Ramirez OF Chase DeLauter OF Jo Adell OF Steven Kwan P Dylan Cease P Sean Burke SS Geraldo Perdomo,,,
560,5220785852,nrd53920 (5/6),51.339996,36.2,1B Rhys Hoskins 2B Jorge Polanco 3B Jose Ramirez C Agustin Ramirez OF Chase DeLauter OF Jo Adell OF Steven Kwan P Dylan Cease P Sean Burke SS Geraldo Perdomo,,,
560,5220788029,nrd53920 (6/6),51.339996,36.2,1B Rhys Hoskins 2B Jorge Polanco 3B Jose Ramirez C Agustin Ramirez OF Chase DeLauter OF Jo Adell OF Steven Kwan P Dylan Cease P Sean Burke SS Geraldo Perdomo,,,
563,5220785683,worldofjp (1/5),29.99,36.1,1B Sal Stewart 2B Royce Lewis 3B Alec Bohm C Rafael Flores Jr. OF Ceddanne Rafaela OF Brandon Marsh OF Carson Benge P Sean Burke P Ryan Weathers SS Edmundo Sosa,,,
563,5220785734,worldofjp (2/5),29.99,36.1,1B Sal Stewart 2B Royce Lewis 3B Alec Bohm C Rafael Flores Jr. OF Ceddanne Rafaela OF Brandon Marsh OF Carson Benge P Sean Burke P Ryan Weathers SS Edmundo Sosa,,,
563,5220787669,worldofjp (4/5),29.99,36.1,1B Sal Stewart 2B Royce Lewis 3B Alec Bohm C Rafael Flores Jr. OF Ceddanne Rafaela OF Brandon Marsh OF Carson Benge P Sean Burke P Ryan Weathers SS Edmundo Sosa,,,
563,5220787678,worldofjp (5/5),29.99,36.1,1B Sal Stewart 2B Royce Lewis 3B Alec Bohm C Rafael Flores Jr. OF Ceddanne Rafaela OF Brandon Marsh OF Carson Benge P Sean Burke P Ryan Weathers SS Edmundo Sosa,,,
567,5220755167,ivymoose (2/5),26.66,36.05,1B Miguel Vargas 2B Nick Sogard 3B Caleb Durbin C Adley Rutschman OF Wilyer Abreu OF Ceddanne Rafaela OF Luke Keaschall P Dylan Cease P Patrick Sandoval SS Kaelen Culpepper,,,
568,5220784449,bigfooteagle (1/2),38.32,36,1B Kyle Schwarber 2B Luis Arraez 3B Bryson Stott C Gabriel Moreno OF Bryce Harper OF Byron Buxton OF Gavin Sheets P Bryce Elder P Andrew Painter SS Geraldo Perdomo,,,
569,5220777326,SGG171 (2/2),35.989998,35.25,1B Kyle Schwarber 2B Bryson Stott 3B Alec Bohm C Agustin Ramirez OF Brandon Marsh OF Javier Sanoja OF Steven Kwan P Sean Burke P Eury Perez SS Francisco Lindor,,,
570,5220766932,yourboya2307,32.309998,35.2,1B Bryce Harper 2B Luis Arraez 3B Bryson Stott C Victor Caratini OF Brandon Marsh OF Trevor Larnach OF Brett Bateman P Dylan Cease P Sean Burke SS Kaelen Culpepper,,,
571,5220783125,Godfather2112,45.67,35.15,1B Ty France 2B Xavier Edwards 3B Bo Bichette C Adley Rutschman OF Ceddanne Rafaela OF Jackson Merrill OF Jake Mangum P Casey Mize P Ryan Weathers SS Javier Baez,,,
572,5220781482,brousey21,35.16,33.75,1B Ty France 2B Nick Sogard 3B Bryson Stott C Alejandro Kirk OF Bryce Harper OF Wilyer Abreu OF Dylan Crews P Dylan Cease P Andrew Painter SS Jared Triolo,,,
572,5220767549,bucsrus1127,25.01,33.75,1B Kyle Schwarber 2B Ozzie Albies 3B Nolan Arenado C Rafael Flores Jr. OF Ronald Acuna Jr. OF Jackson Merrill OF Brett Bateman P Sean Burke P Patrick Sandoval SS Geraldo Perdomo,,,
574,5220752878,GGHOSTMANH (4/17),27.99,33.25,1B Bryce Harper 2B Luis Arraez 3B Bryson Stott C Brian Navarreto OF Heriberto Hernandez OF Esteury Ruiz OF Javier Sanoja P Sean Burke P Eury Perez SS Otto Lopez,,,
575,5220767683,fccparker,34.489998,32.75,1B Sal Stewart 2B Bryson Stott 3B Alec Bohm C Agustin Ramirez OF Fernando Tatis Jr. OF Heriberto Hernandez OF Brett Bateman P Dylan Cease P Andrew Painter SS Kevin McGonigle,,,
576,5220775777,peteram (1/2),37.82,32.5,1B Kyle Schwarber 2B Bryson Stott 3B Alec Bohm C Agustin Ramirez OF Wilyer Abreu OF Brandon Marsh OF Sam Antonacci P Casey Mize P Bryce Elder SS Javier Baez,,,
577,5220781831,Boneyball1018,41.65,32.15,1B Kyle Schwarber 2B Luis Arraez 3B Bryson Stott C Rafael Flores Jr. OF Bryce Harper OF Brandon Marsh OF Billy Cook P Casey Mize P Ryan Weathers SS Jared Triolo,,,
578,5220754935,BeeGizzle72,28.34,31.5,1B Abimelec Ortiz 2B Bryson Stott 3B Miguel Vargas C Rafael Flores Jr. OF Fernando Tatis Jr. OF Ceddanne Rafaela OF Carson Benge P Sean Burke P Michael Soroka SS Geraldo Perdomo,,,
579,5220781216,wardsound (3/4),40.17,31.3,1B Alec Bohm 2B Matt McLain 3B Brady House C Rafael Flores Jr. OF Fernando Tatis Jr. OF Wilyer Abreu OF Corbin Carroll P Eury Perez P Casey Mize SS Andruw Monasterio,,,
580,5220784485,lvollend,45.640007,30.15,1B Kyle Schwarber 2B Bryson Stott 3B Alec Bohm C Victor Caratini OF Bryce Harper OF Brandon Marsh OF Trevor Larnach P Casey Mize P Ryan Weathers SS Kaelen Culpepper,,,
581,5220765384,TRUESandVOGUES (1/2),24.83,29.25,1B Miguel Vargas 2B Xavier Edwards 3B Bryson Stott C Adley Rutschman OF Heriberto Hernandez OF Jakob Marsee OF Brett Bateman P Sean Burke P Eury Perez SS Otto Lopez,,,
582,5220788071,d9144 (7/12),60.490005,27.25,1B Josh Bell 2B Jake Cronenworth 3B Manny Machado C Freddy Fermin OF Byron Buxton OF Fernando Tatis Jr. OF Jackson Merrill P Sean Burke P Eury Perez SS Kaelen Culpepper,,,
583,5220770058,kyleorso (14/17),29.16,27,1B Kyle Schwarber 2B Bryson Stott 3B Eugenio Suarez C Ben Rice OF Byron Buxton OF Corbin Carroll OF Esteury Ruiz P Mason Montgomery P Louis Varland SS Elly De La Cruz,,,
584,5220779439,casen13,28.84,26.8,1B Charles McAdoo 2B Ketel Marte 3B Jared Triolo C James McCann OF Byron Buxton OF Corbin Carroll OF Ceddanne Rafaela P Casey Mize P Patrick Sandoval SS Elly De La Cruz,,,
585,5220763717,tvtalent,26.67,24.45,1B Spencer Torkelson 2B Gleyber Torres 3B Manny Machado C Ben Rice OF Ceddanne Rafaela OF George Springer OF Mike Yastrzemski P Sean Burke P Bryce Elder SS Javier Baez,,,
586,5220755185,papa-sports-39,28.17,23.75,1B Ty France 2B Chase Meidroth 3B Bryson Stott C Alejandro Kirk OF Wilyer Abreu OF Corbin Carroll OF Braden Montgomery P Sean Burke P Patrick Sandoval SS Francisco Lindor,,,
587,5220780126,mike419v,28.83,23.4,1B Kyle Schwarber 2B Bryson Stott 3B Miguel Vargas C Agustin Ramirez OF Bryce Harper OF Daylen Lile OF Tim Tawa P Jake Irvin P Andrew Painter SS CJ Abrams,,,
588,5220763978,dhollomanr,50.32,22.45,1B Alec Bohm 2B Bryson Stott 3B Caleb Durbin C Rafael Flores Jr. OF Bryce Harper OF Byron Buxton OF Fernando Tatis Jr. P Tanner Bibee P Christian Scott SS Brayan Rocchio,,,
589,5220770052,kyleorso (8/17),45.489998,21,1B Kyle Schwarber 2B Bryson Stott 3B Jose Ramirez C Henry Davis OF Ronald Acuna Jr. OF Byron Buxton OF Fernando Tatis Jr. P Kody Funderburk P Isaac Mattson SS Elly De La Cruz,,,
590,5220770046,kyleorso (2/17),48.989998,15,1B Kyle Schwarber 2B Jake Cronenworth 3B Manny Machado C Ben Rice OF Byron Buxton OF Fernando Tatis Jr. OF Esteury Ruiz P Braydon Fisher P Andrew Morris SS Elly De La Cruz,,,
590,5220770050,kyleorso (6/17),47.16,15,1B Kyle Schwarber 2B Jake Cronenworth 3B Manny Machado C Ben Rice OF Byron Buxton OF Fernando Tatis Jr. OF Esteury Ruiz P Louis Varland P Cade Gibson SS Elly De La Cruz,,,
592,5220776247,JMB4491 (2/2),39.67,14.75,1B Ty France 2B Chase Meidroth 3B Manny Machado C Alejandro Kirk OF Fernando Tatis Jr. OF Ceddanne Rafaela OF Heriberto Hernandez P Sean Burke P Patrick Sandoval SS Francisco Lindor,,,
593,5220754268,illone97,0,0,,,,
593,5220779463,Hansolo1985,0,0,,,,
