Rank,EntryId,EntryName,TimeRemaining,Points,Lineup,,Player,Roster Position,%Drafted,FPTS
1,5220756742,cha457 (4/17),0,164.55,1B Jared Young 2B Xavier Edwards 3B Bo Bichette C Agustin Ramirez OF Heriberto Hernandez OF Esteury Ruiz OF Javier Sanoja P Dylan Cease P Eury Perez SS Francisco Lindor,,Dylan Cease,P,66.84%,27.25
2,5220753612,XYZee03 (2/17),0,160.55,1B Jared Young 2B Xavier Edwards 3B Javier Sanoja C Agustin Ramirez OF Fernando Tatis Jr. OF Heriberto Hernandez OF Gavin Sheets P Dylan Cease P Eury Perez SS Otto Lopez,,Eury Perez,P,37.71%,19.3
3,5220751782,Wanna_Square_Up1567 (2/17),0,157.7,1B Matt Olson 2B Bryson Stott 3B Leo Jimenez C Agustin Ramirez OF Michael Harris II OF Heriberto Hernandez OF Javier Sanoja P Dylan Cease P Christian Scott SS Otto Lopez,,Francisco Lindor,SS,34.01%,7
4,5220753620,XYZee03 (10/17),0,156.7,1B Matt Olson 2B Jorge Polanco 3B Javier Sanoja C Agustin Ramirez OF Michael Harris II OF Heriberto Hernandez OF Jakob Marsee P Dylan Cease P Christian Scott SS Otto Lopez,,Corbin Carroll,OF,33.00%,8
5,5220753617,XYZee03 (7/17),0,152.7,1B Munetaka Murakami 2B Xavier Edwards 3B Javier Sanoja C Agustin Ramirez OF Sam Antonacci OF Heriberto Hernandez OF TJ Friedl P Dylan Cease P Christian Scott SS Otto Lopez,,Agustin Ramirez,C,32.15%,21
5,5220753622,XYZee03 (12/17),0,152.7,1B Jared Young 2B Xavier Edwards 3B Javier Sanoja C Agustin Ramirez OF A.J. Ewing OF Heriberto Hernandez OF Esteury Ruiz P Dylan Cease P Christian Scott SS Francisco Lindor,,Christian Scott,P,29.97%,21.45
7,5220766602,tvielkin (1/7),0,151.7,1B Munetaka Murakami 2B Xavier Edwards 3B Leo Jimenez C Agustin Ramirez OF A.J. Ewing OF Heriberto Hernandez OF Javier Sanoja P Dylan Cease P Christian Scott SS Francisco Lindor,,Heriberto Hernandez,OF,27.44%,20
7,5220783684,colemandizzy,0,151.7,1B Matt Olson 2B Xavier Edwards 3B Nick Yorke C Agustin Ramirez OF Corbin Carroll OF Michael Harris II OF Braden Montgomery P Dylan Cease P Christian Scott SS Jared Triolo,,Jared Young,1B,21.21%,12
9,5220751783,Wanna_Square_Up1567 (3/17),0,151.55,1B Abimelec Ortiz 2B Jake Cronenworth 3B Leo Jimenez C Agustin Ramirez OF Fernando Tatis Jr. OF Heriberto Hernandez OF Javier Sanoja P Dylan Cease P Eury Perez SS Otto Lopez,,Gabriel Moreno,C,19.53%,14
10,5220753624,XYZee03 (14/17),0,150.7,1B Jared Young 2B Xavier Edwards 3B Javier Sanoja C Agustin Ramirez OF Carson Benge OF Heriberto Hernandez OF Esteury Ruiz P Dylan Cease P Christian Scott SS Francisco Lindor,,Sean Burke,P,19.53%,0.95
10,5220753625,XYZee03 (15/17),0,150.7,1B Munetaka Murakami 2B Xavier Edwards 3B Leo Jimenez C Agustin Ramirez OF Jackson Merrill OF Heriberto Hernandez OF Gavin Sheets P Dylan Cease P Christian Scott SS Otto Lopez,,A.J. Ewing,OF,18.69%,2
10,5220756744,cha457 (6/17),0,150.7,1B Matt Olson 2B Xavier Edwards 3B Eugenio Suarez C Agustin Ramirez OF Heriberto Hernandez OF Esteury Ruiz OF Mike Yastrzemski P Dylan Cease P Christian Scott SS Otto Lopez,,Carson Benge,OF,17.51%,0
13,5220773450,Thegamejoshyd44 (5/17),0,150.55,1B Alec Bohm 2B Xavier Edwards 3B Colson Montgomery C Agustin Ramirez OF Jarren Duran OF Heriberto Hernandez OF Tim Tawa P Dylan Cease P Eury Perez SS Francisco Lindor,,Geraldo Perdomo,SS,17.00%,0
13,5220773462,Thegamejoshyd44 (10/17),0,150.55,1B Alec Bohm 2B Xavier Edwards 3B Colson Montgomery C Agustin Ramirez OF Jarren Duran OF Heriberto Hernandez OF Tim Tawa P Dylan Cease P Eury Perez SS Francisco Lindor,,Kyle Schwarber,1B,14.48%,9
13,5220781800,Thegamejoshyd44 (16/17),0,150.55,1B Alec Bohm 2B Xavier Edwards 3B Colson Montgomery C Agustin Ramirez OF Jarren Duran OF Heriberto Hernandez OF Tim Tawa P Dylan Cease P Eury Perez SS Francisco Lindor,,Byron Buxton,OF,13.64%,0
13,5220781832,Thegamejoshyd44 (17/17),0,150.55,1B Alec Bohm 2B Xavier Edwards 3B Colson Montgomery C Agustin Ramirez OF Jarren Duran OF Heriberto Hernandez OF Tim Tawa P Dylan Cease P Eury Perez SS Francisco Lindor,,Bryson Stott,2B,13.47%,5
17,5220775486,Stree (6/12),0,149.75,1B Matt Olson 2B Xavier Edwards 3B Leo Jimenez C Agustin Ramirez OF Ronald Acuna Jr. OF Michael Harris II OF Javier Sanoja P Ryan Weathers P Christian Scott SS Otto Lopez,,Ketel Marte,2B,13.30%,4
18,5220753614,XYZee03 (4/17),0,148.55,1B Jared Young 2B Xavier Edwards 3B Javier Sanoja C Agustin Ramirez OF Carson Benge OF Heriberto Hernandez OF Esteury Ruiz P Dylan Cease P Eury Perez SS Francisco Lindor,,Otto Lopez,SS,12.46%,7
19,5220784668,pkellen (1/3),0,147.7,1B Josh Bell 2B Royce Lewis 3B Javier Sanoja C Agustin Ramirez OF Byron Buxton OF Kody Clemens OF Heriberto Hernandez P Dylan Cease P Christian Scott SS Kaelen Culpepper,,Bryson Stott,3B,12.46%,5
20,5220751781,Wanna_Square_Up1567 (1/17),0,147.55,1B Kyle Schwarber 2B Jake Cronenworth 3B Javier Sanoja C Agustin Ramirez OF Heriberto Hernandez OF Jakob Marsee OF Edmundo Sosa P Dylan Cease P Eury Perez SS Otto Lopez,,Xavier Edwards,2B,10.10%,14
21,5220788022,MoneyMatt711 (3/3),0,146.55,1B Jared Young 2B Kody Clemens 3B Javier Sanoja C Agustin Ramirez OF Carson Benge OF A.J. Ewing OF Heriberto Hernandez P Dylan Cease P Ryan Weathers SS Francisco Lindor,,Jorge Polanco,2B,9.60%,5
22,5220753615,XYZee03 (5/17),0,145.55,1B Jared Young 2B Xavier Edwards 3B Javier Sanoja C Agustin Ramirez OF A.J. Ewing OF Heriberto Hernandez OF Luis Robert Jr. P Dylan Cease P Eury Perez SS Otto Lopez,,Javier Sanoja,3B,9.26%,20
23,5220756748,cha457 (10/17),0,144.7,1B Michael Toglia 2B Xavier Edwards 3B Bryson Stott C Agustin Ramirez OF Bryce Harper OF Heriberto Hernandez OF Javier Sanoja P Dylan Cease P Christian Scott SS Otto Lopez,,Bryce Harper,OF,9.26%,9
24,5220753177,tfamularo (4/4),0,144.55,1B Matt Olson 2B Brett Baty 3B Ryan McMahon C Drake Baldwin OF Ronald Acuna Jr. OF Luis Rengifo OF Javier Sanoja P Casey Mize P Christian Scott SS Francisco Lindor,,Jake Cronenworth,2B,8.92%,14
25,5220753623,XYZee03 (13/17),0,143.7,1B Munetaka Murakami 2B Xavier Edwards 3B Leo Jimenez C Agustin Ramirez OF Chase DeLauter OF Heriberto Hernandez OF Gavin Sheets P Dylan Cease P Christian Scott SS Otto Lopez,,Esteury Ruiz,OF,8.75%,8
26,5220753618,XYZee03 (8/17),0,143.55,1B Jared Young 2B Xavier Edwards 3B Javier Sanoja C Agustin Ramirez OF Carson Benge OF Heriberto Hernandez OF Luis Robert Jr. P Dylan Cease P Eury Perez SS Otto Lopez,,Bo Bichette,3B,8.75%,16
26,5220787903,MoneyMatt711 (2/3),0,143.55,1B Jared Young 2B Kody Clemens 3B Bo Bichette C Drew Romo OF A.J. Ewing OF Trevor Larnach OF Heriberto Hernandez P Dylan Cease P Eury Perez SS Francisco Lindor,,Ryan Weathers,P,8.75%,18.3
28,5220766883,dennisgolovaty,0,142.75,1B Matt Olson 2B Brett Baty 3B Bo Bichette C Luis Torrens OF Ronald Acuna Jr. OF Carson Benge OF Heriberto Hernandez P Ryan Weathers P Christian Scott SS Francisco Lindor,,Fernando Tatis Jr.,OF,8.59%,6
29,5220751173,ruckness815 (1/2),0,142.55,1B Jared Young 2B Royce Lewis 3B Bryson Stott C Agustin Ramirez OF A.J. Ewing OF Heriberto Hernandez OF Javier Sanoja P Dylan Cease P Eury Perez SS Otto Lopez,,Ronald Acuna Jr.,OF,8.59%,12
29,5220754151,JERKER19 (2/5),0,142.55,1B Jared Young 2B Xavier Edwards 3B Javier Sanoja C Agustin Ramirez OF Carson Benge OF A.J. Ewing OF Heriberto Hernandez P Dylan Cease P Eury Perez SS Otto Lopez,,Tim Tawa,OF,7.91%,4
29,5220756685,JayAguilar23,0,142.55,1B Jared Young 2B Royce Lewis 3B Bryson Stott C Agustin Ramirez OF A.J. Ewing OF Heriberto Hernandez OF Javier Sanoja P Dylan Cease P Eury Perez SS Otto Lopez,,Mike Yastrzemski,OF,7.58%,0
29,5220764356,timrowland09,0,142.55,1B Jared Young 2B Royce Lewis 3B Bryson Stott C Agustin Ramirez OF A.J. Ewing OF Heriberto Hernandez OF Javier Sanoja P Dylan Cease P Eury Perez SS Otto Lopez,,Ceddanne Rafaela,OF,7.58%,0
29,5220773446,Thegamejoshyd44 (1/17),0,142.55,1B Jared Young 2B Royce Lewis 3B Bryson Stott C Agustin Ramirez OF A.J. Ewing OF Heriberto Hernandez OF Javier Sanoja P Dylan Cease P Eury Perez SS Otto Lopez,,Drake Baldwin,C,7.24%,14
29,5220773458,Thegamejoshyd44 (6/17),0,142.55,1B Jared Young 2B Royce Lewis 3B Bryson Stott C Agustin Ramirez OF A.J. Ewing OF Heriberto Hernandez OF Javier Sanoja P Dylan Cease P Eury Perez SS Otto Lopez,,Javier Sanoja,OF,7.24%,20
29,5220776519,KizrBr (2/5),0,142.55,1B Abimelec Ortiz 2B Xavier Edwards 3B Leo Jimenez C Agustin Ramirez OF Daylen Lile OF Heriberto Hernandez OF Javier Sanoja P Dylan Cease P Eury Perez SS CJ Abrams,,Trevor Larnach,OF,7.24%,5
29,5220779113,nwspring52,0,142.55,1B Jared Young 2B Royce Lewis 3B Bryson Stott C Agustin Ramirez OF A.J. Ewing OF Heriberto Hernandez OF Javier Sanoja P Dylan Cease P Eury Perez SS Otto Lopez,,Michael Harris II,OF,6.90%,8
29,5220781796,Thegamejoshyd44 (12/17),0,142.55,1B Jared Young 2B Royce Lewis 3B Bryson Stott C Agustin Ramirez OF A.J. Ewing OF Heriberto Hernandez OF Javier Sanoja P Dylan Cease P Eury Perez SS Otto Lopez,,Charles McAdoo,3B,6.90%,6
29,5220785678,42Ballerz,0,142.55,1B Jared Young 2B Royce Lewis 3B Bryson Stott C Agustin Ramirez OF A.J. Ewing OF Heriberto Hernandez OF Javier Sanoja P Dylan Cease P Eury Perez SS Otto Lopez,,Wilyer Abreu,OF,6.90%,2
39,5220756743,cha457 (5/17),0,141.55,1B Charles McAdoo 2B Bryson Stott 3B Javier Sanoja C Agustin Ramirez OF Corbin Carroll OF Heriberto Hernandez OF Esteury Ruiz P Dylan Cease P Eury Perez SS Francisco Lindor,,Rafael Flores Jr.,C,6.73%,7
40,5220756751,cha457 (13/17),0,139.55,1B Abimelec Ortiz 2B Jorge Polanco 3B Bo Bichette C Agustin Ramirez OF Corbin Carroll OF Heriberto Hernandez OF Jakob Marsee P Dylan Cease P Eury Perez SS Otto Lopez,,Jorge Polanco,3B,6.73%,5
40,5220771999,WindCrest,0,139.55,1B Jared Young 2B Nick Sogard 3B Bryson Stott C Agustin Ramirez OF Corbin Carroll OF Heriberto Hernandez OF Javier Sanoja P Dylan Cease P Eury Perez SS Francisco Lindor,,Eugenio Suarez,3B,6.57%,7
40,5220772582,iamtherealdraftking (1/3),0,139.55,1B Jared Young 2B Nick Sogard 3B Bryson Stott C Agustin Ramirez OF Corbin Carroll OF Heriberto Hernandez OF Javier Sanoja P Dylan Cease P Eury Perez SS Francisco Lindor,,Michael Toglia,1B,6.57%,0
43,5220764889,iceberger4,0,139.5,1B Matt Olson 2B Luis Arraez 3B Alec Bohm C Agustin Ramirez OF Bryce Harper OF Esmerlyn Valdez OF Edmundo Sosa P Dylan Cease P Andrew Painter SS Brayan Rocchio,,Matt Olson,1B,6.57%,25
44,5220756754,cha457 (16/17),0,138.7,1B Bryce Harper 2B Jake Cronenworth 3B Leo Jimenez C Agustin Ramirez OF Corbin Carroll OF Esteury Ruiz OF Javier Sanoja P Dylan Cease P Christian Scott SS Otto Lopez,,Josh Bell,1B,6.57%,5
44,5220783061,Rallycap,0,138.7,1B Tim Tawa 2B Xavier Edwards 3B Javier Sanoja C Gabriel Moreno OF Corbin Carroll OF Heriberto Hernandez OF Max Kepler P Dylan Cease P Christian Scott SS Otto Lopez,,Elly De La Cruz,SS,6.23%,2
46,5220781944,jakethesnake83,0,138.6,1B Munetaka Murakami 2B Xavier Edwards 3B Bo Bichette C Agustin Ramirez OF Braden Montgomery OF Andrew Benintendi OF Javier Sanoja P Eury Perez P Ryan Weathers SS Francisco Lindor,,Royce Lewis,2B,6.23%,9
47,5220756160,Mackdawg44,0,138.55,1B Jared Young 2B Royce Lewis 3B Brooks Lee C Agustin Ramirez OF Byron Buxton OF Trevor Larnach OF Heriberto Hernandez P Dylan Cease P Eury Perez SS Kaelen Culpepper,,Nolan Arenado,3B,6.23%,0
47,5220783145,UWAlums03 (2/2),0,138.55,1B Tim Tawa 2B Xavier Edwards 3B Javier Sanoja C Agustin Ramirez OF Corbin Carroll OF Trevor Larnach OF Heriberto Hernandez P Dylan Cease P Eury Perez SS Geraldo Perdomo,,Luis Robert Jr.,OF,6.23%,3
47,5220784493,tomkriger,0,138.55,1B Jared Young 2B Ketel Marte 3B Javier Sanoja C Agustin Ramirez OF Carson Benge OF Heriberto Hernandez OF Esteury Ruiz P Dylan Cease P Eury Perez SS Otto Lopez,,Luis Arraez,2B,5.89%,7
47,5220785626,Gronkowski69 (6/12),0,138.55,1B Nick Sogard 2B Xavier Edwards 3B Javier Sanoja C Agustin Ramirez OF Jarren Duran OF Trevor Larnach OF Heriberto Hernandez P Dylan Cease P Eury Perez SS Otto Lopez,,Steven Kwan,OF,5.56%,0
51,5220752883,GGHOSTMANH (9/17),0,137.75,1B Josh Bell 2B Kody Clemens 3B Javier Sanoja C Agustin Ramirez OF Byron Buxton OF Trevor Larnach OF Heriberto Hernandez P Eury Perez P Christian Scott SS Otto Lopez,,Kaelen Culpepper,SS,5.56%,5
52,5220764848,pdt13 (13/17),0,137.55,1B Nick Yorke 2B Bryson Stott 3B Javier Sanoja C Gabriel Moreno OF Corbin Carroll OF Heriberto Hernandez OF Mike Yastrzemski P Dylan Cease P Eury Perez SS Francisco Lindor,,Sam Antonacci,2B,5.56%,6
53,5220771427,cris_248 (1/4),0,136.75,1B Bryce Harper 2B Luis Arraez 3B Bryson Stott C Agustin Ramirez OF Jackson Merrill OF Heriberto Hernandez OF Javier Sanoja P Eury Perez P Christian Scott SS Otto Lopez,,Dean Kremer,P,5.39%,11.8
53,5220771428,cris_248 (2/4),0,136.75,1B Bryce Harper 2B Luis Arraez 3B Bryson Stott C Agustin Ramirez OF Jackson Merrill OF Heriberto Hernandez OF Javier Sanoja P Eury Perez P Christian Scott SS Otto Lopez,,Jackson Merrill,OF,5.22%,7
53,5220771583,cris_248 (3/4),0,136.75,1B Bryce Harper 2B Luis Arraez 3B Bryson Stott C Agustin Ramirez OF Jackson Merrill OF Heriberto Hernandez OF Javier Sanoja P Eury Perez P Christian Scott SS Otto Lopez,,Tim Tawa,1B,5.22%,4
53,5220771584,cris_248 (4/4),0,136.75,1B Bryce Harper 2B Luis Arraez 3B Bryson Stott C Agustin Ramirez OF Jackson Merrill OF Heriberto Hernandez OF Javier Sanoja P Eury Perez P Christian Scott SS Otto Lopez,,Caleb Durbin,3B,5.22%,3
57,5220775462,tvielkin (3/7),0,136.7,1B Michael Toglia 2B Xavier Edwards 3B Bo Bichette C Agustin Ramirez OF JJ Bleday OF Heriberto Hernandez OF Esteury Ruiz P Dylan Cease P Christian Scott SS Otto Lopez,,Brett Bateman,OF,5.05%,0
58,5220756740,cha457 (2/17),0,136.55,1B Abimelec Ortiz 2B Xavier Edwards 3B Brady House C Agustin Ramirez OF Daylen Lile OF Heriberto Hernandez OF Esteury Ruiz P Dylan Cease P Eury Perez SS Otto Lopez,,Abimelec Ortiz,1B,4.88%,14
58,5220772589,iamtherealdraftking (2/3),0,136.55,1B Jared Young 2B Nick Sogard 3B Javier Sanoja C Agustin Ramirez OF Corbin Carroll OF A.J. Ewing OF Heriberto Hernandez P Dylan Cease P Eury Perez SS Francisco Lindor,,Luis Torrens,C,4.88%,16
58,5220773326,zfisher91,0,136.55,1B Josh Bell 2B Xavier Edwards 3B Javier Sanoja C Agustin Ramirez OF Byron Buxton OF Trevor Larnach OF Heriberto Hernandez P Dylan Cease P Eury Perez SS Kaelen Culpepper,,Brandon Marsh,OF,4.71%,2
58,5220785092,harshreality18 (2/4),0,136.55,1B Jared Young 2B Xavier Edwards 3B Jorge Polanco C Agustin Ramirez OF Corbin Carroll OF Heriberto Hernandez OF Luis Robert Jr. P Dylan Cease P Eury Perez SS Francisco Lindor,,Edmundo Sosa,SS,4.55%,8
58,5220785097,harshreality18 (4/4),0,136.55,1B Jared Young 2B Xavier Edwards 3B Jorge Polanco C Agustin Ramirez OF Corbin Carroll OF Heriberto Hernandez OF Luis Robert Jr. P Dylan Cease P Eury Perez SS Francisco Lindor,,Chase DeLauter,OF,4.55%,0
58,5220785746,frieza_5g,0,136.55,1B Josh Bell 2B Xavier Edwards 3B Javier Sanoja C Agustin Ramirez OF Byron Buxton OF Trevor Larnach OF Heriberto Hernandez P Dylan Cease P Eury Perez SS Kaelen Culpepper,,Patrick Sandoval,P,4.55%,-0.2
64,5220752891,GGHOSTMANH (17/17),0,135.75,1B Kyle Schwarber 2B Xavier Edwards 3B Javier Sanoja C Drake Baldwin OF Heriberto Hernandez OF Esteury Ruiz OF Jakob Marsee P Eury Perez P Christian Scott SS Edmundo Sosa,,Drew Anderson,P,4.55%,11.65
65,5220753619,XYZee03 (9/17),0,135.7,1B Jared Young 2B Gleyber Torres 3B Leo Jimenez C Agustin Ramirez OF Ronald Acuna Jr. OF Heriberto Hernandez OF Jakob Marsee P Dylan Cease P Christian Scott SS Otto Lopez,,Alec Bohm,3B,4.55%,25
66,5220753613,XYZee03 (3/17),0,135.55,1B Tim Tawa 2B Xavier Edwards 3B Javier Sanoja C Agustin Ramirez OF Corbin Carroll OF Heriberto Hernandez OF Jakob Marsee P Dylan Cease P Eury Perez SS Geraldo Perdomo,,Matt McLain,2B,4.21%,0
67,5220764847,pdt13 (12/17),0,134.7,1B Bryce Harper 2B Bryson Stott 3B Colt Keith C Agustin Ramirez OF Trevor Larnach OF Heriberto Hernandez OF TJ Friedl P Dylan Cease P Christian Scott SS Francisco Lindor,,Kody Clemens,OF,4.21%,19
67,5220778658,theattack58,0,134.7,1B Jared Young 2B Ketel Marte 3B Bryson Stott C Agustin Ramirez OF Bryce Harper OF Javier Sanoja OF Edmundo Sosa P Dylan Cease P Christian Scott SS Francisco Lindor,,Jakob Marsee,OF,4.21%,2
69,5220751784,Wanna_Square_Up1567 (4/17),0,134.55,1B Abimelec Ortiz 2B Xavier Edwards 3B Leo Jimenez C Agustin Ramirez OF Corbin Carroll OF Esteury Ruiz OF Javier Sanoja P Dylan Cease P Eury Perez SS Geraldo Perdomo,,Max Kepler,OF,4.21%,3
69,5220756741,cha457 (3/17),0,134.55,1B Jared Young 2B Xavier Edwards 3B Leo Jimenez C Agustin Ramirez OF Corbin Carroll OF Heriberto Hernandez OF Luis Robert Jr. P Dylan Cease P Eury Perez SS Otto Lopez,,Ty France,1B,4.21%,0
69,5220781015,iamtherealdraftking (3/3),0,134.55,1B Jared Young 2B Nick Sogard 3B Javier Sanoja C Agustin Ramirez OF Corbin Carroll OF Carson Benge OF Heriberto Hernandez P Dylan Cease P Eury Perez SS Francisco Lindor,,Alejandro Kirk,C,4.21%,5
69,5220783029,dean78904 (1/6),0,134.55,1B Munetaka Murakami 2B Jake Cronenworth 3B Miguel Vargas C Drew Romo OF A.J. Ewing OF Andrew Benintendi OF Gavin Sheets P Dylan Cease P Eury Perez SS Colson Montgomery,,Manny Machado,3B,4.04%,4
69,5220783033,dean78904 (5/6),0,134.55,1B Munetaka Murakami 2B Sam Antonacci 3B Miguel Vargas C Drew Romo OF Dominic Smith OF Brett Baty OF Gavin Sheets P Dylan Cease P Eury Perez SS Colson Montgomery,,Munetaka Murakami,1B,4.04%,16
69,5220783144,UWAlums03 (1/2),0,134.55,1B Kyle Schwarber 2B Bryson Stott 3B Javier Sanoja C Agustin Ramirez OF Heriberto Hernandez OF Justin Crawford OF Edmundo Sosa P Dylan Cease P Eury Perez SS Geraldo Perdomo,,George Springer,OF,3.87%,0
75,5220752875,GGHOSTMANH (1/17),0,133.7,1B Sal Stewart 2B Xavier Edwards 3B Leo Jimenez C Agustin Ramirez OF Heriberto Hernandez OF Javier Sanoja OF Justin Crawford P Dylan Cease P Christian Scott SS Elly De La Cruz,,Nick Sogard,2B,3.87%,0
76,5220780255,nrd53920 (3/6),0,133.5,1B Matt Olson 2B Jake Cronenworth 3B Alec Bohm C Drake Baldwin OF Ronald Acuna Jr. OF Michael Harris II OF Mike Yastrzemski P Dylan Cease P Andrew Painter SS Xander Bogaerts,,Jarren Duran,OF,3.87%,5
77,5220787606,drcrc (2/2),0,132.7,1B Jared Young 2B Sam Antonacci 3B Nick Yorke C Agustin Ramirez OF Byron Buxton OF Corbin Carroll OF Heriberto Hernandez P Dylan Cease P Christian Scott SS Geraldo Perdomo,,Adley Rutschman,C,3.87%,2
78,5220756745,cha457 (7/17),0,131.7,1B Nathaniel Lowe 2B Xavier Edwards 3B Jose Ramirez C Agustin Ramirez OF Esteury Ruiz OF Jo Adell OF Javier Sanoja P Dylan Cease P Christian Scott SS Otto Lopez,,Andrew Painter,P,3.87%,-0.75
79,5220764839,pdt13 (4/17),0,131.55,1B Tim Tawa 2B Bryson Stott 3B Javier Sanoja C Agustin Ramirez OF Corbin Carroll OF Heriberto Hernandez OF Steven Kwan P Dylan Cease P Eury Perez SS Francisco Lindor,,Casey Mize,P,3.70%,21.1
80,5220785091,harshreality18 (1/4),0,130.7,1B Jared Young 2B Xavier Edwards 3B Jorge Polanco C Agustin Ramirez OF Byron Buxton OF Heriberto Hernandez OF Luis Robert Jr. P Dylan Cease P Christian Scott SS Francisco Lindor,,Luke Keaschall,OF,3.70%,2
80,5220785096,harshreality18 (3/4),0,130.7,1B Jared Young 2B Xavier Edwards 3B Jorge Polanco C Agustin Ramirez OF Byron Buxton OF Heriberto Hernandez OF Luis Robert Jr. P Dylan Cease P Christian Scott SS Francisco Lindor,,Brooks Lee,3B,3.70%,20
82,5220756750,cha457 (12/17),0,129.7,1B Michael Toglia 2B Jake Cronenworth 3B Colt Keith C Agustin Ramirez OF Ronald Acuna Jr. OF Corbin Carroll OF Jackson Merrill P Dylan Cease P Christian Scott SS Geraldo Perdomo,,Sal Stewart,1B,3.54%,0
83,5220756747,cha457 (9/17),0,129.55,1B Ty France 2B Jake Cronenworth 3B Manny Machado C Agustin Ramirez OF Jackson Merrill OF Heriberto Hernandez OF Esteury Ruiz P Dylan Cease P Eury Perez SS Xander Bogaerts,,Jose Ramirez,3B,3.54%,8
83,5220764838,pdt13 (3/17),0,129.55,1B Tim Tawa 2B Bryson Stott 3B Javier Sanoja C Agustin Ramirez OF Corbin Carroll OF Trevor Larnach OF Heriberto Hernandez P Dylan Cease P Eury Perez SS Geraldo Perdomo,,Alec Bohm,1B,3.54%,25
83,5220768951,tvielkin (2/7),0,129.55,1B Kazuma Okamoto 2B Brett Baty 3B Bo Bichette C Agustin Ramirez OF Carson Benge OF Luis Robert Jr. OF Javier Sanoja P Dylan Cease P Eury Perez SS Francisco Lindor,,Bryce Elder,P,3.37%,18.5
83,5220773448,Thegamejoshyd44 (3/17),0,129.55,1B Tim Tawa 2B Bryson Stott 3B Javier Sanoja C Agustin Ramirez OF Corbin Carroll OF Trevor Larnach OF Heriberto Hernandez P Dylan Cease P Eury Perez SS Geraldo Perdomo,,Miguel Vargas,3B,3.20%,16
83,5220773460,Thegamejoshyd44 (8/17),0,129.55,1B Tim Tawa 2B Bryson Stott 3B Javier Sanoja C Agustin Ramirez OF Corbin Carroll OF Trevor Larnach OF Heriberto Hernandez P Dylan Cease P Eury Perez SS Geraldo Perdomo,,Leo Jimenez,3B,3.03%,3
83,5220775744,wesol33,0,129.55,1B Tim Tawa 2B Bryson Stott 3B Javier Sanoja C Agustin Ramirez OF Corbin Carroll OF Trevor Larnach OF Heriberto Hernandez P Dylan Cease P Eury Perez SS Geraldo Perdomo,,Kody Clemens,2B,3.03%,19
83,5220778568,zach2834,0,129.55,1B Tim Tawa 2B Bryson Stott 3B Javier Sanoja C Agustin Ramirez OF Corbin Carroll OF Trevor Larnach OF Heriberto Hernandez P Dylan Cease P Eury Perez SS Geraldo Perdomo,,Brett Baty,2B,3.03%,7
83,5220781798,Thegamejoshyd44 (14/17),0,129.55,1B Tim Tawa 2B Bryson Stott 3B Javier Sanoja C Agustin Ramirez OF Corbin Carroll OF Trevor Larnach OF Heriberto Hernandez P Dylan Cease P Eury Perez SS Geraldo Perdomo,,Drew Romo,C,3.03%,16
91,5220751721,mgo14,0,129.05,1B Abimelec Ortiz 2B Jake Cronenworth 3B Eugenio Suarez C Agustin Ramirez OF Byron Buxton OF Michael Harris II OF Kody Clemens P Dylan Cease P Dean Kremer SS Francisco Lindor,,JJ Bleday,OF,2.86%,2
91,5220754849,Yossarian230,0,129.05,1B Abimelec Ortiz 2B Ketel Marte 3B Miguel Vargas C Agustin Ramirez OF Corbin Carroll OF Heriberto Hernandez OF Brett Bateman P Dylan Cease P Dean Kremer SS Francisco Lindor,,Jorge Barrosa,OF,2.86%,0
93,5220764844,pdt13 (9/17),0,128.75,1B Kyle Schwarber 2B Bryson Stott 3B Javier Sanoja C Agustin Ramirez OF Corbin Carroll OF Trevor Larnach OF Heriberto Hernandez P Eury Perez P Christian Scott SS Geraldo Perdomo,,Bryce Harper,1B,2.86%,9
93,5220764845,pdt13 (10/17),0,128.75,1B Bryce Harper 2B Bryson Stott 3B Javier Sanoja C Agustin Ramirez OF Corbin Carroll OF Trevor Larnach OF Heriberto Hernandez P Eury Perez P Christian Scott SS Geraldo Perdomo,,Brian Navarreto,C,2.86%,0
93,5220776569,DVaughnKing (1/2),0,128.75,1B Matt Olson 2B Brett Baty 3B Alec Bohm C Austin Wells OF Bryce Harper OF Fernando Tatis Jr. OF Corbin Carroll P Eury Perez P Christian Scott SS Edmundo Sosa,,CJ Abrams,SS,2.86%,0
93,5220776792,DVaughnKing (2/2),0,128.75,1B Matt Olson 2B Brett Baty 3B Alec Bohm C Austin Wells OF Bryce Harper OF Fernando Tatis Jr. OF Corbin Carroll P Eury Perez P Christian Scott SS Edmundo Sosa,,Andruw Monasterio,SS,2.86%,0
97,5220776370,Jimbobwae42,0,128.7,1B Miguel Vargas 2B Ketel Marte 3B Alec Bohm C Luis Torrens OF Corbin Carroll OF Steven Kwan OF Tim Tawa P Dylan Cease P Christian Scott SS Francisco Lindor,,Michael Soroka,P,2.86%,14.55
97,5220783192,brandonabk (3/4),0,128.7,1B Tim Tawa 2B Xavier Edwards 3B Bryson Stott C Agustin Ramirez OF Corbin Carroll OF Heriberto Hernandez OF Esteury Ruiz P Dylan Cease P Christian Scott SS Geraldo Perdomo,,Nick Lodolo,P,2.69%,12.25
99,5220754395,poole071578,0,128.55,1B Kyle Schwarber 2B Anthony Seigler 3B Charles McAdoo C Agustin Ramirez OF Fernando Tatis Jr. OF Kody Clemens OF Edmundo Sosa P Dylan Cease P Ryan Weathers SS Jared Triolo,,Daylen Lile,OF,2.69%,4
99,5220768399,SGG171 (1/2),0,128.55,1B Kyle Schwarber 2B Bryson Stott 3B Alec Bohm C Alejandro Kirk OF Javier Sanoja OF Mike Yastrzemski OF Tristan Peters P Dylan Cease P Eury Perez SS Francisco Lindor,,Gavin Sheets,OF,2.69%,14
101,5220788065,d9144 (1/12),0,128.2,1B Jared Young 2B Bryson Stott 3B Brooks Lee C Gabriel Moreno OF A.J. Ewing OF Heriberto Hernandez OF Javier Sanoja P Dylan Cease P Sean Burke SS Francisco Lindor,,Colson Montgomery,SS,2.69%,8
102,5220774074,FantasyCrusader (3/8),0,128.05,1B Abimelec Ortiz 2B Xavier Edwards 3B Javier Sanoja C Agustin Ramirez OF Daylen Lile OF Heriberto Hernandez OF Esteury Ruiz P Dylan Cease P Patrick Sandoval SS CJ Abrams,,Esmerlyn Valdez,OF,2.53%,16
103,5220783719,startingnine23,0,127.7,1B Sal Stewart 2B Bryson Stott 3B Alec Bohm C Freddy Fermin OF Corbin Carroll OF Luis Rengifo OF Gavin Sheets P Dylan Cease P Christian Scott SS Francisco Lindor,,Brett Baty,OF,2.53%,7
104,5220756749,cha457 (11/17),0,127.55,1B Kyle Schwarber 2B Bryson Stott 3B Leo Jimenez C Agustin Ramirez OF Esteury Ruiz OF Javier Sanoja OF Edmundo Sosa P Dylan Cease P Eury Perez SS Otto Lopez,,Andrew Benintendi,OF,2.53%,2
104,5220785666,LordofRings6 (1/2),0,127.55,1B Matt Olson 2B Royce Lewis 3B Brooks Lee C James McCann OF Ronald Acuna Jr. OF Mike Yastrzemski OF Tim Tawa P Dylan Cease P Eury Perez SS Kaelen Culpepper,,Braden Montgomery,OF,2.53%,5
106,5220775075,Darkmen715 (14/17),0,126.75,1B Michael Toglia 2B Jake Cronenworth 3B Miguel Vargas C Agustin Ramirez OF Byron Buxton OF Corbin Carroll OF Heriberto Hernandez P Eury Perez P Christian Scott SS Francisco Lindor,,Charles McAdoo,1B,2.36%,6
107,5220764851,pdt13 (16/17),0,126.7,1B Michael Toglia 2B Jake Cronenworth 3B Jose Ramirez C Gabriel Moreno OF Corbin Carroll OF Heriberto Hernandez OF Gavin Sheets P Dylan Cease P Christian Scott SS Geraldo Perdomo,,Jo Adell,OF,2.36%,0
108,5220752483,bengra99,0,126.55,1B Jared Young 2B Bryson Stott 3B Jorge Polanco C Agustin Ramirez OF Corbin Carroll OF A.J. Ewing OF Heriberto Hernandez P Dylan Cease P Eury Perez SS Francisco Lindor,,J.T. Realmuto,C,2.36%,0
108,5220766239,Casey0504 (1/2),0,126.55,1B Jared Young 2B Jorge Polanco 3B Bryson Stott C Agustin Ramirez OF Corbin Carroll OF A.J. Ewing OF Heriberto Hernandez P Dylan Cease P Eury Perez SS Francisco Lindor,,Justin Crawford,OF,2.19%,5
108,5220776057,Casey0504 (2/2),0,126.55,1B Jared Young 2B Jorge Polanco 3B Bryson Stott C Agustin Ramirez OF Corbin Carroll OF A.J. Ewing OF Heriberto Hernandez P Dylan Cease P Eury Perez SS Francisco Lindor,,Ryan McMahon,3B,2.19%,0
108,5220783034,dean78904 (6/6),0,126.55,1B Munetaka Murakami 2B Sam Antonacci 3B Charles McAdoo C Drake Baldwin OF Dominic Smith OF Gavin Sheets OF Tristan Peters P Dylan Cease P Eury Perez SS Colson Montgomery,,Jared Triolo,SS,2.19%,5
112,5220784535,doinky1,0,125.75,1B Matt Olson 2B Sam Antonacci 3B Miguel Vargas C Agustin Ramirez OF Michael Harris II OF Andrew Benintendi OF Mike Yastrzemski P Ryan Weathers P Christian Scott SS Colson Montgomery,,Chase Meidroth,2B,2.19%,2
113,5220785738,FATEFELLSHORT (1/16),0,125.7,1B Matt Olson 2B Jorbit Vivas 3B Charles McAdoo C Drake Baldwin OF Ronald Acuna Jr. OF Michael Harris II OF Mike Yastrzemski P Dylan Cease P Christian Scott SS Kaelen Culpepper,,Bryan Reynolds,OF,2.19%,18
113,5220785752,FATEFELLSHORT (3/16),0,125.7,1B Matt Olson 2B Jorbit Vivas 3B Charles McAdoo C Drake Baldwin OF Ronald Acuna Jr. OF Michael Harris II OF Mike Yastrzemski P Dylan Cease P Christian Scott SS Kaelen Culpepper,,Ozzie Albies,2B,2.19%,2
113,5220785779,FATEFELLSHORT (5/16),0,125.7,1B Matt Olson 2B Jorbit Vivas 3B Charles McAdoo C Drake Baldwin OF Ronald Acuna Jr. OF Michael Harris II OF Mike Yastrzemski P Dylan Cease P Christian Scott SS Kaelen Culpepper,,Edmundo Sosa,OF,2.02%,8
113,5220787665,FATEFELLSHORT (7/16),0,125.7,1B Matt Olson 2B Jorbit Vivas 3B Charles McAdoo C Drake Baldwin OF Ronald Acuna Jr. OF Michael Harris II OF Mike Yastrzemski P Dylan Cease P Christian Scott SS Kaelen Culpepper,,Austin Riley,3B,2.02%,12
113,5220787670,FATEFELLSHORT (9/16),0,125.7,1B Matt Olson 2B Jorbit Vivas 3B Charles McAdoo C Drake Baldwin OF Ronald Acuna Jr. OF Michael Harris II OF Mike Yastrzemski P Dylan Cease P Christian Scott SS Kaelen Culpepper,,Connor Wong,C,2.02%,21
113,5220787682,FATEFELLSHORT (11/16),0,125.7,1B Matt Olson 2B Jorbit Vivas 3B Charles McAdoo C Drake Baldwin OF Ronald Acuna Jr. OF Michael Harris II OF Mike Yastrzemski P Dylan Cease P Christian Scott SS Kaelen Culpepper,,Xander Bogaerts,SS,2.02%,9
113,5220787691,FATEFELLSHORT (13/16),0,125.7,1B Matt Olson 2B Jorbit Vivas 3B Charles McAdoo C Drake Baldwin OF Ronald Acuna Jr. OF Michael Harris II OF Mike Yastrzemski P Dylan Cease P Christian Scott SS Kaelen Culpepper,,Trent Grisham,OF,2.02%,0
113,5220787695,FATEFELLSHORT (15/16),0,125.7,1B Matt Olson 2B Jorbit Vivas 3B Charles McAdoo C Drake Baldwin OF Ronald Acuna Jr. OF Michael Harris II OF Mike Yastrzemski P Dylan Cease P Christian Scott SS Kaelen Culpepper,,Kazuma Okamoto,3B,2.02%,9
121,5220787861,blindman24 (2/2),0,125.55,1B Abimelec Ortiz 2B Jorge Polanco 3B Javier Sanoja C Agustin Ramirez OF Byron Buxton OF Corbin Carroll OF Tim Tawa P Dylan Cease P Eury Perez SS Francisco Lindor,,George Lombard Jr.,SS,2.02%,14
122,5220775074,Darkmen715 (13/17),0,124.75,1B Rafael Flores Jr. 2B Jorge Polanco 3B Miguel Vargas C Agustin Ramirez OF Byron Buxton OF Corbin Carroll OF Heriberto Hernandez P Eury Perez P Christian Scott SS Francisco Lindor,,Dominic Smith,1B,2.02%,5
122,5220780009,Fitzoreo (2/2),0,124.75,1B Miguel Vargas 2B Xavier Edwards 3B Charles McAdoo C Agustin Ramirez OF Byron Buxton OF Corbin Carroll OF Heriberto Hernandez P Ryan Weathers P Christian Scott SS Geraldo Perdomo,,Colson Montgomery,3B,2.02%,8
124,5220785787,jdjay (1/2),0,124.7,1B Tim Tawa 2B Jorge Polanco 3B Bo Bichette C Gabriel Moreno OF Corbin Carroll OF A.J. Ewing OF Heriberto Hernandez P Dylan Cease P Christian Scott SS Francisco Lindor,,Victor Caratini,C,1.85%,2
124,5220787238,jdjay (2/2),0,124.7,1B Tim Tawa 2B Jorge Polanco 3B Bo Bichette C Gabriel Moreno OF Corbin Carroll OF A.J. Ewing OF Heriberto Hernandez P Dylan Cease P Christian Scott SS Francisco Lindor,,James McCann,C,1.85%,6
126,5220756753,cha457 (15/17),0,124.55,1B Jared Young 2B Xavier Edwards 3B Jorge Polanco C Agustin Ramirez OF Corbin Carroll OF Esteury Ruiz OF Luis Robert Jr. P Dylan Cease P Eury Perez SS Francisco Lindor,,Javier Baez,SS,1.85%,0
126,5220781042,JERKER19 (5/5),0,124.55,1B Munetaka Murakami 2B Sam Antonacci 3B Javier Sanoja C Agustin Ramirez OF Braden Montgomery OF Andrew Benintendi OF Brett Bateman P Dylan Cease P Eury Perez SS Colson Montgomery,,Jake Irvin,P,1.85%,10.9
128,5220754150,JERKER19 (1/5),0,124.2,1B Jared Young 2B Xavier Edwards 3B Javier Sanoja C Agustin Ramirez OF Carson Benge OF A.J. Ewing OF Heriberto Hernandez P Dylan Cease P Sean Burke SS Otto Lopez,,Ben Rice,C,1.85%,16
128,5220775492,Stree (12/12),0,124.2,1B Tim Tawa 2B Xavier Edwards 3B Eugenio Suarez C Agustin Ramirez OF JJ Bleday OF Heriberto Hernandez OF Javier Sanoja P Dylan Cease P Sean Burke SS Colson Montgomery,,Miguel Vargas,1B,1.85%,16
128,5220780035,JERKER19 (4/5),0,124.2,1B Jared Young 2B Xavier Edwards 3B Javier Sanoja C Agustin Ramirez OF Carson Benge OF A.J. Ewing OF Heriberto Hernandez P Dylan Cease P Sean Burke SS Francisco Lindor,,Ernie Clement,2B,1.85%,2
131,5220787679,Erikbolt,0,123.2,1B Kyle Schwarber 2B Jake Cronenworth 3B Kazuma Okamoto C Agustin Ramirez OF Heriberto Hernandez OF Mike Yastrzemski OF Gavin Sheets P Dylan Cease P Sean Burke SS Colson Montgomery,,Jorbit Vivas,2B,1.85%,7
132,5220783032,dean78904 (4/6),0,123.05,1B Matt Olson 2B Jake Cronenworth 3B Ryan McMahon C Drake Baldwin OF Ronald Acuna Jr. OF Dominic Smith OF Brett Baty P Dylan Cease P Dean Kremer SS Francisco Lindor,,Jared Triolo,3B,1.68%,5
133,5220776018,brandonabk (2/4),0,122.7,1B Jared Young 2B Sam Antonacci 3B Jorge Polanco C Agustin Ramirez OF Byron Buxton OF Heriberto Hernandez OF Luis Robert Jr. P Dylan Cease P Christian Scott SS Francisco Lindor,,Tanner Bibee,P,1.68%,7.5
134,5220764849,pdt13 (14/17),0,122.55,1B Josh Bell 2B Jake Cronenworth 3B Javier Sanoja C Agustin Ramirez OF Corbin Carroll OF Carson Benge OF Esteury Ruiz P Dylan Cease P Eury Perez SS Geraldo Perdomo,,Luis Rengifo,OF,1.68%,17
134,5220775483,Stree (3/12),0,122.55,1B Alec Bohm 2B Luis Arraez 3B Bryson Stott C Agustin Ramirez OF Byron Buxton OF Trevor Larnach OF Justin Crawford P Dylan Cease P Eury Perez SS Edmundo Sosa,,Kazuma Okamoto,1B,1.68%,9
134,5220776935,AJSuperman,0,122.55,1B Kyle Schwarber 2B Xavier Edwards 3B Charles McAdoo C Brian Navarreto OF Carson Benge OF Heriberto Hernandez OF Javier Sanoja P Dylan Cease P Eury Perez SS Otto Lopez,,Royce Lewis,1B,1.68%,9
134,5220779409,phil-osophy1,0,122.55,1B Jared Young 2B Royce Lewis 3B Charles McAdoo C Agustin Ramirez OF Kody Clemens OF Carson Benge OF A.J. Ewing P Dylan Cease P Eury Perez SS Francisco Lindor,,Spencer Jones,OF,1.68%,0
138,5220768295,CraigV1130,0,122.05,1B Jared Young 2B Ketel Marte 3B Bo Bichette C Luis Torrens OF Corbin Carroll OF Carson Benge OF Heriberto Hernandez P Dylan Cease P Dean Kremer SS Francisco Lindor,,Sam Antonacci,OF,1.52%,6
139,5220788066,d9144 (2/12),0,121.7,1B Jared Young 2B Bryson Stott 3B Eugenio Suarez C Gabriel Moreno OF Corbin Carroll OF Heriberto Hernandez OF Steven Kwan P Dylan Cease P Christian Scott SS Francisco Lindor,,Nathaniel Lowe,1B,1.52%,5
140,5220753616,XYZee03 (6/17),0,121.05,1B Jared Young 2B Ketel Marte 3B Javier Sanoja C Agustin Ramirez OF Corbin Carroll OF Heriberto Hernandez OF Jakob Marsee P Dylan Cease P Patrick Sandoval SS Otto Lopez,,Freddy Fermin,C,1.52%,3
141,5220784694,mclocker (2/2),0,120.7,1B Jared Young 2B Jorge Polanco 3B Charles McAdoo C Drake Baldwin OF Byron Buxton OF Corbin Carroll OF Javier Sanoja P Dylan Cease P Christian Scott SS Francisco Lindor,,Dylan Crews,OF,1.35%,0
141,5220785913,bjjball44 (12/17),0,120.7,1B Michael Toglia 2B Jorge Polanco 3B Bryson Stott C Agustin Ramirez OF Fernando Tatis Jr. OF Corbin Carroll OF Heriberto Hernandez P Dylan Cease P Christian Scott SS Otto Lopez,,Kevin McGonigle,3B,1.35%,2
143,5220781404,savagebucket,0,120.55,1B Alec Bohm 2B Luis Arraez 3B Bryson Stott C Brian Navarreto OF Heriberto Hernandez OF Esteury Ruiz OF Jakob Marsee P Dylan Cease P Eury Perez SS Otto Lopez,,Henry Davis,C,1.35%,2
143,5220784527,neterka (2/2),0,120.55,1B Jared Young 2B Brett Baty 3B Bryson Stott C Rafael Flores Jr. OF Corbin Carroll OF Heriberto Hernandez OF Esteury Ruiz P Dylan Cease P Eury Perez SS Francisco Lindor,,Jose Caballero,2B,1.35%,14
145,5220769404,BadMOFO55,0,120.2,1B Jared Young 2B Xavier Edwards 3B Leo Jimenez C Agustin Ramirez OF Michael Harris II OF Jackson Merrill OF Heriberto Hernandez P Dylan Cease P Sean Burke SS Otto Lopez,,Brady House,3B,1.35%,2
146,5220775077,Darkmen715 (16/17),0,119.8,1B Ben Rice 2B Jake Cronenworth 3B Jorge Polanco C Drake Baldwin OF Ronald Acuna Jr. OF A.J. Ewing OF Heriberto Hernandez P Ryan Weathers P Bryce Elder SS Geraldo Perdomo,,Nick Yorke,3B,1.35%,17
147,5220775491,Stree (11/12),0,119.75,1B Ty France 2B Jake Cronenworth 3B Manny Machado C Agustin Ramirez OF Fernando Tatis Jr. OF Jackson Merrill OF Heriberto Hernandez P Eury Perez P Christian Scott SS Otto Lopez,,Dominic Smith,OF,1.35%,5
147,5220785841,MoneyMatt711 (1/3),0,119.75,1B Royce Lewis 2B Kody Clemens 3B Bo Bichette C Agustin Ramirez OF Carson Benge OF A.J. Ewing OF Trevor Larnach P Eury Perez P Christian Scott SS Francisco Lindor,,Zach McKinstry,OF,1.18%,4
149,5220770045,kyleorso (1/17),0,119.7,1B Jared Young 2B Bryson Stott 3B Javier Sanoja C Luis Torrens OF Bryce Harper OF Carson Benge OF A.J. Ewing P Dylan Cease P Christian Scott SS Otto Lopez,,Billy Cook,OF,1.18%,2
149,5220787688,SonOfDad (3/4),0,119.7,1B Tim Tawa 2B Ketel Marte 3B Jorge Polanco C Agustin Ramirez OF Corbin Carroll OF A.J. Ewing OF Heriberto Hernandez P Dylan Cease P Christian Scott SS Francisco Lindor,,Nick Sogard,1B,1.18%,0
151,5220755169,ivymoose (4/5),0,119.55,1B Bryce Harper 2B Bryson Stott 3B Leo Jimenez C Agustin Ramirez OF Brandon Marsh OF Javier Sanoja OF Justin Crawford P Dylan Cease P Eury Perez SS Edmundo Sosa,,Austin Wells,C,1.18%,0
152,5220781758,jc000000,0,119.5,1B Kyle Schwarber 2B Jorge Polanco 3B Javier Sanoja C Agustin Ramirez OF Bryce Harper OF A.J. Ewing OF Heriberto Hernandez P Dylan Cease P Andrew Painter SS Otto Lopez,,Jake Mangum,OF,1.01%,5
153,5220772418,cb_hanson,0,118.75,1B Jared Young 2B Jake Cronenworth 3B Manny Machado C Drake Baldwin OF Fernando Tatis Jr. OF Jackson Merrill OF Gavin Sheets P Eury Perez P Christian Scott SS Francisco Lindor,,Anthony Seigler,2B,1.01%,9
154,5220768101,Grimble,0,118.7,1B Josh Bell 2B Kody Clemens 3B Bo Bichette C Luis Torrens OF Brandon Marsh OF Luis Robert Jr. OF Luke Keaschall P Dylan Cease P Christian Scott SS Francisco Lindor,,Daz Cameron,OF,1.01%,7
154,5220784937,sportsfanatic89 (1/4),0,118.7,1B Michael Toglia 2B Bryson Stott 3B Eugenio Suarez C Agustin Ramirez OF Corbin Carroll OF A.J. Ewing OF Heriberto Hernandez P Dylan Cease P Christian Scott SS Francisco Lindor,,Rhys Hoskins,1B,1.01%,2
154,5220785911,bjjball44 (10/17),0,118.7,1B Michael Toglia 2B Jake Cronenworth 3B Bryson Stott C Agustin Ramirez OF Fernando Tatis Jr. OF Corbin Carroll OF Jackson Merrill P Dylan Cease P Christian Scott SS Xander Bogaerts,,Colt Keith,3B,1.01%,19
157,5220763801,srken,0,118.55,1B Ty France 2B Chase Meidroth 3B Colt Keith C Gabriel Moreno OF Corbin Carroll OF Trevor Larnach OF Heriberto Hernandez P Dylan Cease P Ryan Weathers SS Kaelen Culpepper,,Jim Jarvis,SS,1.01%,3
157,5220783030,dean78904 (2/6),0,118.55,1B Matt Olson 2B Ozzie Albies 3B Charles McAdoo C Drake Baldwin OF Michael Harris II OF Dominic Smith OF Brett Baty P Dylan Cease P Eury Perez SS Kaelen Culpepper,,TJ Friedl,OF,0.84%,0
159,5220764563,Fivecrossyolips,0,118.15,1B Matt Olson 2B Ozzie Albies 3B Austin Riley C Adley Rutschman OF Ronald Acuna Jr. OF Michael Harris II OF Heriberto Hernandez P Nick Lodolo P Jake Irvin SS Jose Caballero,,Gleyber Torres,2B,0.84%,10
160,5220784940,sportsfanatic89 (4/4),0,117.9,1B Jared Young 2B Ketel Marte 3B Bryson Stott C Agustin Ramirez OF Corbin Carroll OF A.J. Ewing OF Heriberto Hernandez P Dylan Cease P Drew Anderson SS Francisco Lindor,,Keibert Ruiz,C,0.84%,10
161,5220779114,clilly35,0,117.8,1B Josh Bell 2B Jake Cronenworth 3B Jared Triolo C Drake Baldwin OF Bryan Reynolds OF Jackson Merrill OF Dominic Smith P Dylan Cease P Michael Soroka SS Colson Montgomery,,Brayan Rocchio,SS,0.84%,2
162,5220751794,Wanna_Square_Up1567 (14/17),0,117.7,1B Tim Tawa 2B Ketel Marte 3B Austin Riley C Agustin Ramirez OF Corbin Carroll OF Heriberto Hernandez OF Jorge Barrosa P Dylan Cease P Christian Scott SS Geraldo Perdomo,,Brandon Lowe,2B,0.67%,12
162,5220752880,GGHOSTMANH (6/17),0,117.7,1B Alec Bohm 2B Luis Arraez 3B Bryson Stott C Brian Navarreto OF Bryce Harper OF Brandon Marsh OF Gavin Sheets P Dylan Cease P Christian Scott SS Francisco Lindor,,Luis Garcia Jr.,1B,0.67%,7
162,5220764836,pdt13 (1/17),0,117.7,1B Jared Young 2B Jorge Polanco 3B Kevin McGonigle C Agustin Ramirez OF Byron Buxton OF Heriberto Hernandez OF Jakob Marsee P Dylan Cease P Christian Scott SS Francisco Lindor,,Tristan Peters,OF,0.67%,11
165,5220749471,Gronkowski69 (5/12),0,117.55,1B Jared Young 2B Ketel Marte 3B Jorge Polanco C Agustin Ramirez OF Carson Benge OF A.J. Ewing OF Heriberto Hernandez P Dylan Cease P Eury Perez SS Francisco Lindor,,Andres Gimenez,SS,0.67%,13
165,5220764842,pdt13 (7/17),0,117.55,1B Jared Young 2B Jorge Polanco 3B Eugenio Suarez C Agustin Ramirez OF Byron Buxton OF Corbin Carroll OF Heriberto Hernandez P Casey Mize P Christian Scott SS Elly De La Cruz,,Nick Yorke,1B,0.51%,17
167,5220785902,bjjball44 (1/17),0,116.9,1B Michael Toglia 2B Jake Cronenworth 3B Eugenio Suarez C Agustin Ramirez OF Fernando Tatis Jr. OF Corbin Carroll OF Javier Sanoja P Dylan Cease P Drew Anderson SS Elly De La Cruz,,Spencer Torkelson,1B,0.51%,2
168,5220770470,HypeBigelow,0,116.75,1B Jared Young 2B Jake Cronenworth 3B Bo Bichette C Drake Baldwin OF Ronald Acuna Jr. OF Carson Benge OF A.J. Ewing P Ryan Weathers P Christian Scott SS Francisco Lindor,,Jacob Young,OF,0.51%,3
169,5220764841,pdt13 (6/17),0,116.7,1B Jared Young 2B Jorge Polanco 3B Eugenio Suarez C Agustin Ramirez OF Byron Buxton OF Corbin Carroll OF Esteury Ruiz P Dylan Cease P Christian Scott SS Francisco Lindor,,Ke'Bryan Hayes,3B,0.51%,2
170,5220770057,kyleorso (13/17),0,116.55,1B Charles McAdoo 2B Brett Baty 3B Nick Yorke C Drew Romo OF Fernando Tatis Jr. OF Corbin Carroll OF Esteury Ruiz P Dylan Cease P Eury Perez SS Elly De La Cruz,,Kevin McGonigle,SS,0.51%,2
171,5220788076,d9144 (12/12),0,116.1,1B Matt Olson 2B Jake Cronenworth 3B Manny Machado C Drake Baldwin OF Ronald Acuna Jr. OF Michael Harris II OF Mike Yastrzemski P Ryan Weathers P Dean Kremer SS Xander Bogaerts,,Travis Bazzana,2B,0.51%,0
172,5220751793,Wanna_Square_Up1567 (13/17),0,116.05,1B Tim Tawa 2B Ketel Marte 3B Javier Sanoja C Gabriel Moreno OF Corbin Carroll OF Kody Clemens OF Esteury Ruiz P Dylan Cease P Dean Kremer SS Geraldo Perdomo,,Rafael Flores Jr.,1B,0.51%,7
173,5220775481,Stree (1/12),0,115.7,1B Michael Toglia 2B Xavier Edwards 3B Javier Sanoja C Brian Navarreto OF Bryce Harper OF Heriberto Hernandez OF Jakob Marsee P Dylan Cease P Christian Scott SS Elly De La Cruz,,Javier Baez,OF,0.34%,0
173,5220781013,tvielkin (6/7),0,115.7,1B Dominic Smith 2B Jorge Polanco 3B Bo Bichette C Luis Torrens OF Corbin Carroll OF Michael Harris II OF A.J. Ewing P Dylan Cease P Christian Scott SS Francisco Lindor,,Hunter Barco,P,0.34%,6.95
175,5220771263,Fitzoreo (1/2),0,115.6,1B Kyle Schwarber 2B Bryson Stott 3B Javier Sanoja C Gabriel Moreno OF Bryce Harper OF Esteury Ruiz OF Edmundo Sosa P Eury Perez P Ryan Weathers SS Kaelen Culpepper,,Heliot Ramos,OF,0.34%,12
176,5220788067,d9144 (3/12),0,115.55,1B Dominic Smith 2B Jake Cronenworth 3B Austin Riley C Drake Baldwin OF Michael Harris II OF Jackson Merrill OF Mike Yastrzemski P Dylan Cease P Eury Perez SS Xander Bogaerts,,Jose Caballero,SS,0.34%,14
177,5220774239,Moosemasher (1/2),0,114.85,1B Royce Lewis 2B Ketel Marte 3B Colt Keith C Drew Romo OF Bryan Reynolds OF Michael Harris II OF Carson Benge P Eury Perez P Michael Soroka SS Francisco Lindor,,Louis Varland,P,0.34%,0
177,5220782420,Moosemasher (2/2),0,114.85,1B Royce Lewis 2B Ketel Marte 3B Colt Keith C Drew Romo OF Bryan Reynolds OF Michael Harris II OF Carson Benge P Eury Perez P Michael Soroka SS Francisco Lindor,,Ben Rice,1B,0.34%,16
179,5220760910,freedom2dfs,0,114.75,1B Ty France 2B Jorge Polanco 3B Bryson Stott C Agustin Ramirez OF Bryce Harper OF Corbin Carroll OF Heriberto Hernandez P Ryan Weathers P Christian Scott SS Otto Lopez,,Dillon Dingler,C,0.17%,9
180,5220756752,cha457 (14/17),0,114.7,1B Jared Young 2B Ketel Marte 3B Jorge Polanco C Agustin Ramirez OF Ronald Acuna Jr. OF Corbin Carroll OF Tim Tawa P Dylan Cease P Christian Scott SS Geraldo Perdomo,,Braydon Fisher,P,0.17%,-0.95
180,5220756755,cha457 (17/17),0,114.7,1B Kyle Schwarber 2B Jorge Polanco 3B Bo Bichette C Agustin Ramirez OF Esteury Ruiz OF Jo Adell OF Steven Kwan P Dylan Cease P Christian Scott SS Otto Lopez,,Andrew Morris,P,0.17%,-6.75
180,5220764840,pdt13 (5/17),0,114.7,1B Jared Young 2B Sam Antonacci 3B Jorge Polanco C Agustin Ramirez OF Byron Buxton OF Heriberto Hernandez OF Steven Kwan P Dylan Cease P Christian Scott SS Elly De La Cruz,,Mason Miller,P,0.17%,0
183,5220766658,blitzburgh07 (1/2),0,114.55,1B Josh Bell 2B Bryson Stott 3B Brooks Lee C Rafael Flores Jr. OF A.J. Ewing OF Heriberto Hernandez OF Andrew Benintendi P Dylan Cease P Eury Perez SS Francisco Lindor,,Myles Straw,OF,0.17%,2
183,5220770053,kyleorso (9/17),0,114.55,1B Ben Rice 2B Jorbit Vivas 3B Austin Riley C Rafael Flores Jr. OF Heliot Ramos OF Spencer Jones OF Jorge Barrosa P Dylan Cease P Eury Perez SS George Lombard Jr.,,Cade Gibson,P,0.17%,0
183,5220780049,tvielkin (5/7),0,114.55,1B Matt Olson 2B Ketel Marte 3B Charles McAdoo C Agustin Ramirez OF Jarren Duran OF Max Kepler OF Tim Tawa P Dylan Cease P Eury Perez SS Geraldo Perdomo,,Kody Funderburk,P,0.17%,1.5
186,5220751792,Wanna_Square_Up1567 (12/17),0,114.05,1B Charles McAdoo 2B Ketel Marte 3B Javier Sanoja C Gabriel Moreno OF Corbin Carroll OF Heriberto Hernandez OF Max Kepler P Dylan Cease P Dean Kremer SS Geraldo Perdomo,,Isaac Mattson,P,0.17%,0
186,5220754562,hurtemhorns,0,114.05,1B Jared Young 2B Kody Clemens 3B Bo Bichette C Gabriel Moreno OF Carson Benge OF A.J. Ewing OF Trevor Larnach P Dylan Cease P Dean Kremer SS Francisco Lindor,,Mason Montgomery,P,0.17%,6.25
186,5220783769,FantasyCrusader (7/8),0,114.05,1B Jared Young 2B Kody Clemens 3B Bo Bichette C Luis Torrens OF Byron Buxton OF Carson Benge OF Trevor Larnach P Dylan Cease P Dean Kremer SS Francisco Lindor,,Lake Bachar,P,0.17%,12.95
189,5220762945,miguelon11,0,113.75,1B Munetaka Murakami 2B Ernie Clement 3B Miguel Vargas C Alejandro Kirk OF Trevor Larnach OF Braden Montgomery OF Tristan Peters P Dylan Cease P Bryce Elder SS Colson Montgomery,,Austin Hedges,C,0.17%,0
190,5220749470,Gronkowski69 (4/12),0,113.7,1B Matt Olson 2B Jorge Polanco 3B Jared Triolo C Drake Baldwin OF Carson Benge OF A.J. Ewing OF Brett Baty P Dylan Cease P Christian Scott SS Francisco Lindor,,Victor Caratini,1B,0.17%,2
190,5220753611,XYZee03 (1/17),0,113.7,1B Alec Bohm 2B Ketel Marte 3B Bryson Stott C Gabriel Moreno OF Corbin Carroll OF Justin Crawford OF Tim Tawa P Dylan Cease P Christian Scott SS Geraldo Perdomo,,,
192,5220754250,Butler1,0,113.55,1B Charles McAdoo 2B Jake Cronenworth 3B Kevin McGonigle C Agustin Ramirez OF Corbin Carroll OF Jackson Merrill OF Billy Cook P Dylan Cease P Eury Perez SS Francisco Lindor,,,
192,5220766148,eagles1980,0,113.55,1B Kyle Schwarber 2B Jorge Polanco 3B Nick Yorke C Drew Romo OF Bryce Harper OF Brandon Marsh OF Carson Benge P Dylan Cease P Eury Perez SS Xander Bogaerts,,,
192,5220781573,pigskin23,0,113.55,1B Jared Young 2B Royce Lewis 3B Bryson Stott C Gabriel Moreno OF Carson Benge OF Heriberto Hernandez OF Brett Bateman P Dylan Cease P Eury Perez SS Francisco Lindor,,,
195,5220753175,tfamularo (2/4),0,112.75,1B Kyle Schwarber 2B Brett Baty 3B Jose Ramirez C Freddy Fermin OF Brandon Marsh OF Heriberto Hernandez OF Luis Rengifo P Ryan Weathers P Christian Scott SS Francisco Lindor,,,
196,5220761457,ruckness815 (2/2),0,112.7,1B Sal Stewart 2B Ketel Marte 3B Bryson Stott C Brian Navarreto OF Heriberto Hernandez OF Esteury Ruiz OF Javier Sanoja P Dylan Cease P Christian Scott SS Otto Lopez,,,
196,5220775959,blindman24 (1/2),0,112.7,1B Jared Young 2B Jorge Polanco 3B Bo Bichette C Agustin Ramirez OF Byron Buxton OF Corbin Carroll OF Jakob Marsee P Dylan Cease P Christian Scott SS Geraldo Perdomo,,,
196,5220785906,bjjball44 (5/17),0,112.7,1B Michael Toglia 2B Bryson Stott 3B Jorge Polanco C Agustin Ramirez OF Corbin Carroll OF Heriberto Hernandez OF Luis Robert Jr. P Dylan Cease P Christian Scott SS Elly De La Cruz,,,
196,5220787419,starmap3333,0,112.7,1B Kyle Schwarber 2B Jorge Polanco 3B Alec Bohm C Alejandro Kirk OF Bryce Harper OF Carson Benge OF Esteury Ruiz P Dylan Cease P Christian Scott SS Jim Jarvis,,,
200,5220770060,kyleorso (16/17),0,112.55,1B Kyle Schwarber 2B Kody Clemens 3B Nick Yorke C Brian Navarreto OF Fernando Tatis Jr. OF Corbin Carroll OF Billy Cook P Dylan Cease P Eury Perez SS Kaelen Culpepper,,,
200,5220785904,bjjball44 (3/17),0,112.55,1B Tim Tawa 2B Matt McLain 3B Bryson Stott C Agustin Ramirez OF Corbin Carroll OF Heriberto Hernandez OF Jakob Marsee P Dylan Cease P Ryan Weathers SS Francisco Lindor,,,
202,5220764837,pdt13 (2/17),0,111.7,1B Jared Young 2B Jorge Polanco 3B Eugenio Suarez C Agustin Ramirez OF Byron Buxton OF Corbin Carroll OF Luis Robert Jr. P Dylan Cease P Christian Scott SS Francisco Lindor,,,
202,5220787605,drcrc (1/2),0,111.7,1B Jared Young 2B Jorge Polanco 3B Nick Yorke C Drake Baldwin OF Byron Buxton OF Corbin Carroll OF Jackson Merrill P Dylan Cease P Christian Scott SS Geraldo Perdomo,,,
204,5220764568,massdestruct1 (1/2),0,111.4,1B Kyle Schwarber 2B Luis Arraez 3B Miguel Vargas C Agustin Ramirez OF Kody Clemens OF George Springer OF Edmundo Sosa P Bryce Elder P Jake Irvin SS Elly De La Cruz,,,
205,5220775076,Darkmen715 (15/17),0,110.75,1B Michael Toglia 2B Jorge Polanco 3B Miguel Vargas C Gabriel Moreno OF Byron Buxton OF Corbin Carroll OF Heriberto Hernandez P Eury Perez P Christian Scott SS Francisco Lindor,,,
206,5220770056,kyleorso (12/17),0,110.55,1B Kyle Schwarber 2B Bryson Stott 3B Nick Yorke C Drew Romo OF Byron Buxton OF Esteury Ruiz OF Billy Cook P Dylan Cease P Eury Perez SS Otto Lopez,,,
207,5220753174,tfamularo (1/4),0,109.75,1B Kyle Schwarber 2B Bryson Stott 3B Ryan McMahon C Freddy Fermin OF Bryce Harper OF Heriberto Hernandez OF Luis Rengifo P Ryan Weathers P Christian Scott SS Francisco Lindor,,,
208,5220775777,peteram (1/2),0,109.6,1B Kyle Schwarber 2B Bryson Stott 3B Alec Bohm C Agustin Ramirez OF Wilyer Abreu OF Brandon Marsh OF Sam Antonacci P Casey Mize P Bryce Elder SS Javier Baez,,,
209,5220785634,Gronkowski69 (7/12),0,109.55,1B Tim Tawa 2B Ketel Marte 3B Nolan Arenado C Brian Navarreto OF Corbin Carroll OF Heriberto Hernandez OF Javier Sanoja P Dylan Cease P Eury Perez SS Otto Lopez,,,
210,5220785843,NYGpete,0,109.4,1B Matt Olson 2B Xavier Edwards 3B Bo Bichette C Gabriel Moreno OF Ceddanne Rafaela OF Brandon Marsh OF Luis Robert Jr. P Sean Burke P Christian Scott SS Andres Gimenez,,,
211,5220777326,SGG171 (2/2),0,109.25,1B Kyle Schwarber 2B Bryson Stott 3B Alec Bohm C Agustin Ramirez OF Brandon Marsh OF Javier Sanoja OF Steven Kwan P Sean Burke P Eury Perez SS Francisco Lindor,,,
212,5220785910,bjjball44 (9/17),0,108.9,1B Michael Toglia 2B Bryson Stott 3B Austin Riley C Agustin Ramirez OF Corbin Carroll OF Heriberto Hernandez OF Jakob Marsee P Dylan Cease P Drew Anderson SS Elly De La Cruz,,,
213,5220769488,JGLspeaks (1/5),0,108.7,1B Bryce Harper 2B Luis Arraez 3B Bryson Stott C Victor Caratini OF Kody Clemens OF Trevor Larnach OF Justin Crawford P Dylan Cease P Christian Scott SS Edmundo Sosa,,,
214,5220763755,GHROSS (2/6),0,108.55,1B Jared Young 2B Nick Sogard 3B Eugenio Suarez C Agustin Ramirez OF A.J. Ewing OF Heriberto Hernandez OF Steven Kwan P Dylan Cease P Eury Perez SS Geraldo Perdomo,,,
215,5220775990,FantasyCrusader (4/8),0,108.5,1B Kyle Schwarber 2B Xavier Edwards 3B Nolan Arenado C Agustin Ramirez OF Heriberto Hernandez OF Esteury Ruiz OF Max Kepler P Dylan Cease P Andrew Painter SS Otto Lopez,,,
215,5220783096,Scottg21,0,108.5,1B Kyle Schwarber 2B Kody Clemens 3B Brooks Lee C Drew Romo OF Byron Buxton OF Trevor Larnach OF Brett Bateman P Dylan Cease P Nick Lodolo SS Andruw Monasterio,,,
217,5220763757,GHROSS (4/6),0,108.4,1B Matt Olson 2B Ozzie Albies 3B Austin Riley C Drake Baldwin OF Michael Harris II OF Brett Bateman OF Daz Cameron P Eury Perez P Casey Mize SS Geraldo Perdomo,,,
218,5220767646,Johnny_Great (1/3),0,107.9,1B Sal Stewart 2B Xavier Edwards 3B Ke'Bryan Hayes C Agustin Ramirez OF JJ Bleday OF Esteury Ruiz OF Javier Sanoja P Dylan Cease P Drew Anderson SS Elly De La Cruz,,,
219,5220771251,wlfball (1/2),0,107.85,1B Kyle Schwarber 2B Bryson Stott 3B Brooks Lee C Agustin Ramirez OF Bryce Harper OF Brandon Marsh OF Brett Bateman P Eury Perez P Michael Soroka SS Edmundo Sosa,,,
220,5220766893,Henry113,0,107.7,1B Matt Olson 2B Bryson Stott 3B Jared Triolo C Rafael Flores Jr. OF Michael Harris II OF A.J. Ewing OF Mike Yastrzemski P Dylan Cease P Christian Scott SS Francisco Lindor,,,
220,5220778941,Jeter2333 (3/17),0,107.7,1B Jared Young 2B Jorge Polanco 3B Eugenio Suarez C Gabriel Moreno OF Ronald Acuna Jr. OF Carson Benge OF A.J. Ewing P Dylan Cease P Christian Scott SS Francisco Lindor,,,
220,5220785814,Jeter2333 (13/17),0,107.7,1B Jared Young 2B Jorge Polanco 3B Eugenio Suarez C Gabriel Moreno OF Ronald Acuna Jr. OF Carson Benge OF A.J. Ewing P Dylan Cease P Christian Scott SS Francisco Lindor,,,
220,5220787689,SonOfDad (4/4),0,107.7,1B Tim Tawa 2B Ketel Marte 3B Nolan Arenado C Agustin Ramirez OF Corbin Carroll OF Heriberto Hernandez OF Jakob Marsee P Dylan Cease P Christian Scott SS Geraldo Perdomo,,,
224,5220751791,Wanna_Square_Up1567 (11/17),0,107.55,1B Abimelec Ortiz 2B Jake Cronenworth 3B Manny Machado C Gabriel Moreno OF Corbin Carroll OF Max Kepler OF Tim Tawa P Dylan Cease P Eury Perez SS Geraldo Perdomo,,,
224,5220775128,stlcards20,0,107.55,1B Abimelec Ortiz 2B Bryson Stott 3B Charles McAdoo C Agustin Ramirez OF Corbin Carroll OF Jackson Merrill OF Carson Benge P Dylan Cease P Eury Perez SS Geraldo Perdomo,,,
224,5220775188,goolie1228 (1/2),0,107.55,1B Jared Young 2B Sam Antonacci 3B Jorge Polanco C Agustin Ramirez OF Byron Buxton OF Esteury Ruiz OF Jakob Marsee P Dylan Cease P Eury Perez SS Francisco Lindor,,,
224,5220785721,jterryn,0,107.55,1B Jared Young 2B Jake Cronenworth 3B Bo Bichette C Alejandro Kirk OF Carson Benge OF A.J. Ewing OF Trevor Larnach P Dylan Cease P Eury Perez SS Francisco Lindor,,,
228,5220763756,GHROSS (3/6),0,107.4,1B Matt Olson 2B Ozzie Albies 3B Austin Riley C Drake Baldwin OF Ceddanne Rafaela OF Mike Yastrzemski OF Brett Bateman P Eury Perez P Casey Mize SS George Lombard Jr.,,,
229,5220755795,iceman1s1978,0,107.05,1B Royce Lewis 2B Brandon Lowe 3B Kazuma Okamoto C Alejandro Kirk OF Byron Buxton OF Bryan Reynolds OF Esmerlyn Valdez P Michael Soroka P Bryce Elder SS Kaelen Culpepper,,,
229,5220782242,glm39,0,107.05,1B Abimelec Ortiz 2B Sam Antonacci 3B Brooks Lee C Gabriel Moreno OF Jackson Merrill OF Trevor Larnach OF Luke Keaschall P Dylan Cease P Dean Kremer SS CJ Abrams,,,
231,5220775078,Darkmen715 (17/17),0,106.9,1B Matt Olson 2B Jorge Polanco 3B Ryan McMahon C Drake Baldwin OF Ronald Acuna Jr. OF Michael Harris II OF Zach McKinstry P Dylan Cease P Drew Anderson SS Geraldo Perdomo,,,
231,5220785916,bjjball44 (15/17),0,106.9,1B Michael Toglia 2B Matt McLain 3B Jorge Polanco C Agustin Ramirez OF Ronald Acuna Jr. OF Corbin Carroll OF Heriberto Hernandez P Dylan Cease P Drew Anderson SS Elly De La Cruz,,,
233,5220751786,Wanna_Square_Up1567 (6/17),0,106.7,1B Jared Young 2B Ketel Marte 3B Javier Sanoja C Gabriel Moreno OF Corbin Carroll OF Carson Benge OF Jorge Barrosa P Dylan Cease P Christian Scott SS Geraldo Perdomo,,,
234,5220764846,pdt13 (11/17),0,106.55,1B Bryce Harper 2B Jake Cronenworth 3B Javier Sanoja C Alejandro Kirk OF Corbin Carroll OF Steven Kwan OF Zach McKinstry P Dylan Cease P Eury Perez SS Geraldo Perdomo,,,
235,5220756888,CDayne,0,106.35,1B Charles McAdoo 2B Jake Cronenworth 3B Jared Triolo C Agustin Ramirez OF Byron Buxton OF Michael Harris II OF Daylen Lile P Dylan Cease P Casey Mize SS Geraldo Perdomo,,,
236,5220782404,gogochuck,0,106.15,1B Kyle Schwarber 2B Bryson Stott 3B Kazuma Okamoto C Rafael Flores Jr. OF Bryce Harper OF Esmerlyn Valdez OF Dominic Smith P Dylan Cease P Jake Irvin SS Edmundo Sosa,,,
237,5220785914,bjjball44 (13/17),0,105.9,1B Jared Young 2B Bryson Stott 3B Manny Machado C Agustin Ramirez OF Fernando Tatis Jr. OF Corbin Carroll OF Tim Tawa P Dylan Cease P Drew Anderson SS Francisco Lindor,,,
238,5220773340,TheBeans666,0,105.75,1B Jared Young 2B Jake Cronenworth 3B Jose Ramirez C Rafael Flores Jr. OF Bryce Harper OF Wilyer Abreu OF Corbin Carroll P Eury Perez P Christian Scott SS Jared Triolo,,,
239,5220751797,Wanna_Square_Up1567 (17/17),0,105.7,1B Matt Olson 2B Ketel Marte 3B Nolan Arenado C Luis Torrens OF Corbin Carroll OF Mike Yastrzemski OF Tim Tawa P Dylan Cease P Christian Scott SS Geraldo Perdomo,,,
239,5220753621,XYZee03 (11/17),0,105.7,1B Sal Stewart 2B Matt McLain 3B Eugenio Suarez C Agustin Ramirez OF JJ Bleday OF Heriberto Hernandez OF TJ Friedl P Dylan Cease P Christian Scott SS Otto Lopez,,,
241,5220752877,GGHOSTMANH (3/17),0,105.55,1B Jared Young 2B Nick Sogard 3B Caleb Durbin C Connor Wong OF Wilyer Abreu OF Ceddanne Rafaela OF Gavin Sheets P Dylan Cease P Eury Perez SS Francisco Lindor,,,
241,5220754152,JERKER19 (3/5),0,105.55,1B Kyle Schwarber 2B Bryson Stott 3B Charles McAdoo C Luis Torrens OF Bryce Harper OF Brandon Marsh OF Daz Cameron P Dylan Cease P Eury Perez SS Jared Triolo,,,
241,5220770055,kyleorso (11/17),0,105.55,1B Jared Young 2B Brett Baty 3B Manny Machado C Brian Navarreto OF Ronald Acuna Jr. OF Heriberto Hernandez OF Billy Cook P Dylan Cease P Eury Perez SS Elly De La Cruz,,,
241,5220787863,Gronkowski69 (11/12),0,105.55,1B Josh Bell 2B Kody Clemens 3B Nolan Arenado C Agustin Ramirez OF Byron Buxton OF Trevor Larnach OF Tim Tawa P Dylan Cease P Eury Perez SS Kaelen Culpepper,,,
245,5220767683,fccparker,0,105.5,1B Sal Stewart 2B Bryson Stott 3B Alec Bohm C Agustin Ramirez OF Fernando Tatis Jr. OF Heriberto Hernandez OF Brett Bateman P Dylan Cease P Andrew Painter SS Kevin McGonigle,,,
246,5220785023,rizen84,0,105.35,1B Matt Olson 2B Ernie Clement 3B Kazuma Okamoto C Gabriel Moreno OF Jarren Duran OF George Springer OF Andrew Benintendi P Dylan Cease P Casey Mize SS Javier Baez,,,
247,5220779625,rick052954,0,105.25,1B Munetaka Murakami 2B Jose Caballero 3B Ryan McMahon C Ben Rice OF Heriberto Hernandez OF Braden Montgomery OF Spencer Jones P Sean Burke P Eury Perez SS George Lombard Jr.,,,
248,5220770488,FantasyCrusader (1/8),0,105.1,1B Matt Olson 2B Ozzie Albies 3B Leo Jimenez C Drake Baldwin OF Ronald Acuna Jr. OF Michael Harris II OF Trevor Larnach P Eury Perez P Dean Kremer SS Kaelen Culpepper,,,
249,5220775065,Darkmen715 (4/17),0,104.9,1B Kyle Schwarber 2B Jorge Polanco 3B Charles McAdoo C Agustin Ramirez OF Bryce Harper OF Ronald Acuna Jr. OF Zach McKinstry P Dylan Cease P Drew Anderson SS Geraldo Perdomo,,,
249,5220775072,Darkmen715 (11/17),0,104.9,1B Sal Stewart 2B Jake Cronenworth 3B Eugenio Suarez C Agustin Ramirez OF JJ Bleday OF Heriberto Hernandez OF Mike Yastrzemski P Dylan Cease P Drew Anderson SS Elly De La Cruz,,,
249,5220785918,bjjball44 (17/17),0,104.9,1B Michael Toglia 2B Matt McLain 3B Manny Machado C Agustin Ramirez OF Fernando Tatis Jr. OF Corbin Carroll OF Heriberto Hernandez P Dylan Cease P Drew Anderson SS Francisco Lindor,,,
252,5220774070,Sillo82,0,104.75,1B Kyle Schwarber 2B Jake Cronenworth 3B Charles McAdoo C Adley Rutschman OF Wilyer Abreu OF Kody Clemens OF Andrew Benintendi P Dylan Cease P Bryce Elder SS Jared Triolo,,,
252,5220781594,turfgurutigers69,0,104.75,1B Munetaka Murakami 2B Sam Antonacci 3B Nolan Arenado C Gabriel Moreno OF Corbin Carroll OF Heriberto Hernandez OF Mike Yastrzemski P Eury Perez P Christian Scott SS Geraldo Perdomo,,,
252,5220788075,d9144 (11/12),0,104.75,1B Josh Bell 2B Kody Clemens 3B Bo Bichette C Luis Torrens OF Byron Buxton OF Carson Benge OF A.J. Ewing P Ryan Weathers P Christian Scott SS Francisco Lindor,,,
255,5220754855,TattMoney (1/2),0,104.7,1B Rhys Hoskins 2B Brett Baty 3B Bo Bichette C Henry Davis OF Bryan Reynolds OF Brandon Marsh OF A.J. Ewing P Dylan Cease P Christian Scott SS Francisco Lindor,,,
255,5220775890,jadaruler,0,104.7,1B Munetaka Murakami 2B Brandon Lowe 3B Kazuma Okamoto C Rafael Flores Jr. OF Jackson Merrill OF George Springer OF Mike Yastrzemski P Dylan Cease P Christian Scott SS Jared Triolo,,,
257,5220776594,peteram (2/2),0,104.6,1B Munetaka Murakami 2B Sam Antonacci 3B Miguel Vargas C Luis Torrens OF A.J. Ewing OF Luis Robert Jr. OF Steven Kwan P Eury Perez P Ryan Weathers SS Colson Montgomery,,,
258,5220784939,sportsfanatic89 (3/4),0,104.2,1B Michael Toglia 2B Matt McLain 3B Javier Sanoja C Agustin Ramirez OF Corbin Carroll OF Carson Benge OF Heriberto Hernandez P Dylan Cease P Sean Burke SS Otto Lopez,,,
259,5220777409,Sasser7,0,103.95,1B Sal Stewart 2B Sam Antonacci 3B Brooks Lee C Keibert Ruiz OF Kody Clemens OF Daylen Lile OF Jackson Merrill P Eury Perez P Drew Anderson SS Francisco Lindor,,,
260,5220775069,Darkmen715 (8/17),0,103.9,1B Michael Toglia 2B Bryson Stott 3B Kevin McGonigle C Agustin Ramirez OF Corbin Carroll OF A.J. Ewing OF Heriberto Hernandez P Dylan Cease P Drew Anderson SS Otto Lopez,,,
261,5220787437,Gronkowski69 (10/12),0,103.75,1B Kyle Schwarber 2B Jose Caballero 3B Jorge Polanco C Ben Rice OF A.J. Ewing OF Luis Robert Jr. OF Brett Baty P Eury Perez P Christian Scott SS Francisco Lindor,,,
262,5220775063,Darkmen715 (2/17),0,103.7,1B Kazuma Okamoto 2B Jake Cronenworth 3B Bryson Stott C Gabriel Moreno OF Corbin Carroll OF A.J. Ewing OF Max Kepler P Dylan Cease P Christian Scott SS Geraldo Perdomo,,,
262,5220784539,brandonabk (4/4),0,103.7,1B Jared Young 2B Jorge Polanco 3B Eugenio Suarez C Drake Baldwin OF Byron Buxton OF Esteury Ruiz OF Jakob Marsee P Dylan Cease P Christian Scott SS Francisco Lindor,,,
264,5220752890,GGHOSTMANH (16/17),0,103.55,1B Kyle Schwarber 2B Anthony Seigler 3B Bryson Stott C Connor Wong OF Ceddanne Rafaela OF Jarren Duran OF Edmundo Sosa P Dylan Cease P Eury Perez SS Andruw Monasterio,,,
264,5220778939,Jeter2333 (1/17),0,103.55,1B Jared Young 2B Jorge Polanco 3B Charles McAdoo C Gabriel Moreno OF Ronald Acuna Jr. OF Carson Benge OF A.J. Ewing P Dylan Cease P Ryan Weathers SS Francisco Lindor,,,
264,5220785812,Jeter2333 (11/17),0,103.55,1B Jared Young 2B Jorge Polanco 3B Charles McAdoo C Gabriel Moreno OF Ronald Acuna Jr. OF Carson Benge OF A.J. Ewing P Dylan Cease P Ryan Weathers SS Francisco Lindor,,,
267,5220783126,nrd53920 (4/6),0,103.5,1B Munetaka Murakami 2B Sam Antonacci 3B Miguel Vargas C James McCann OF Braden Montgomery OF Luis Robert Jr. OF Tim Tawa P Dylan Cease P Nick Lodolo SS Colson Montgomery,,,
268,5220783226,bshaw1228,0,103.2,1B Rafael Flores Jr. 2B Jake Cronenworth 3B Jorge Polanco C Drew Romo OF Ronald Acuna Jr. OF Fernando Tatis Jr. OF Wilyer Abreu P Dylan Cease P Sean Burke SS Andres Gimenez,,,
269,5220751790,Wanna_Square_Up1567 (10/17),0,103.05,1B Abimelec Ortiz 2B Ketel Marte 3B Javier Sanoja C Gabriel Moreno OF Corbin Carroll OF Dylan Crews OF Tim Tawa P Dylan Cease P Dean Kremer SS Geraldo Perdomo,,,
270,5220780632,wlfball (2/2),0,103,1B Kyle Schwarber 2B Bryson Stott 3B Brooks Lee C Drake Baldwin OF Bryce Harper OF Brandon Marsh OF Brett Bateman P Michael Soroka P Christian Scott SS Edmundo Sosa,,,
271,5220785903,bjjball44 (2/17),0,102.9,1B Michael Toglia 2B Bryson Stott 3B Jose Ramirez C Agustin Ramirez OF Corbin Carroll OF A.J. Ewing OF Heriberto Hernandez P Dylan Cease P Drew Anderson SS Geraldo Perdomo,,,
272,5220755168,ivymoose (3/5),0,102.55,1B Jared Young 2B Brett Baty 3B Miguel Vargas C James McCann OF Carson Benge OF Braden Montgomery OF Luis Robert Jr. P Dylan Cease P Eury Perez SS Francisco Lindor,,,
272,5220764850,pdt13 (15/17),0,102.55,1B Tim Tawa 2B Ketel Marte 3B Colt Keith C Alejandro Kirk OF Brandon Marsh OF A.J. Ewing OF Heriberto Hernandez P Dylan Cease P Eury Perez SS Geraldo Perdomo,,,
272,5220773447,Thegamejoshyd44 (2/17),0,102.55,1B Jared Young 2B Sam Antonacci 3B Jorge Polanco C Agustin Ramirez OF Byron Buxton OF Luis Robert Jr. OF Jakob Marsee P Dylan Cease P Eury Perez SS Francisco Lindor,,,
272,5220773459,Thegamejoshyd44 (7/17),0,102.55,1B Jared Young 2B Sam Antonacci 3B Jorge Polanco C Agustin Ramirez OF Byron Buxton OF Luis Robert Jr. OF Jakob Marsee P Dylan Cease P Eury Perez SS Francisco Lindor,,,
272,5220780072,Jessecoop9,0,102.55,1B Jared Young 2B Jorge Polanco 3B Jared Triolo C Agustin Ramirez OF Byron Buxton OF Fernando Tatis Jr. OF Mike Yastrzemski P Dylan Cease P Eury Perez SS Francisco Lindor,,,
272,5220781797,Thegamejoshyd44 (13/17),0,102.55,1B Jared Young 2B Sam Antonacci 3B Jorge Polanco C Agustin Ramirez OF Byron Buxton OF Luis Robert Jr. OF Jakob Marsee P Dylan Cease P Eury Perez SS Francisco Lindor,,,
272,5220785811,Jeter2333 (10/17),0,102.55,1B Abimelec Ortiz 2B Brett Baty 3B Jorge Polanco C Gabriel Moreno OF Corbin Carroll OF Carson Benge OF A.J. Ewing P Dylan Cease P Ryan Weathers SS Francisco Lindor,,,
279,5220768816,the_dreamer (2/6),0,102.4,1B Alec Bohm 2B Bryson Stott 3B Bo Bichette C Luis Torrens OF Bryce Harper OF Carson Benge OF A.J. Ewing P Sean Burke P Christian Scott SS Francisco Lindor,,,
279,5220773261,the_dreamer (3/6),0,102.4,1B Alec Bohm 2B Bryson Stott 3B Bo Bichette C Luis Torrens OF Bryce Harper OF Carson Benge OF A.J. Ewing P Sean Burke P Christian Scott SS Francisco Lindor,,,
279,5220781909,the_dreamer (6/6),0,102.4,1B Alec Bohm 2B Bryson Stott 3B Bo Bichette C Luis Torrens OF Bryce Harper OF Carson Benge OF A.J. Ewing P Sean Burke P Christian Scott SS Francisco Lindor,,,
282,5220787959,BigWilburStyle (1/2),0,102.15,1B Kyle Schwarber 2B Ketel Marte 3B Charles McAdoo C Agustin Ramirez OF Byron Buxton OF Heriberto Hernandez OF Tim Tawa P Dylan Cease P Jake Irvin SS Geraldo Perdomo,,,
283,5220775068,Darkmen715 (7/17),0,101.9,1B Michael Toglia 2B Bryson Stott 3B Kevin McGonigle C Agustin Ramirez OF Corbin Carroll OF George Springer OF Heriberto Hernandez P Dylan Cease P Drew Anderson SS Otto Lopez,,,
283,5220775073,Darkmen715 (12/17),0,101.9,1B Sal Stewart 2B Jake Cronenworth 3B Nolan Arenado C Agustin Ramirez OF JJ Bleday OF Heriberto Hernandez OF Tim Tawa P Dylan Cease P Drew Anderson SS Elly De La Cruz,,,
285,5220756746,cha457 (8/17),0,101.55,1B Jared Young 2B Brett Baty 3B Jorge Polanco C Agustin Ramirez OF Byron Buxton OF Ceddanne Rafaela OF Luis Robert Jr. P Dylan Cease P Eury Perez SS Francisco Lindor,,,
286,5220784485,lvollend,0,101.4,1B Kyle Schwarber 2B Bryson Stott 3B Alec Bohm C Victor Caratini OF Bryce Harper OF Brandon Marsh OF Trevor Larnach P Casey Mize P Ryan Weathers SS Kaelen Culpepper,,,
287,5220784501,statis.official (3/12),0,101.25,1B Kyle Schwarber 2B Bryson Stott 3B Alec Bohm C Gabriel Moreno OF Esteury Ruiz OF Luke Keaschall OF Tristan Peters P Sean Burke P Eury Perez SS Francisco Lindor,,,
288,5220752882,GGHOSTMANH (8/17),0,101.2,1B Nick Yorke 2B Jake Cronenworth 3B Eugenio Suarez C Rafael Flores Jr. OF Fernando Tatis Jr. OF Corbin Carroll OF Jake Mangum P Dylan Cease P Sean Burke SS Xander Bogaerts,,,
289,5220751789,Wanna_Square_Up1567 (9/17),0,101.05,1B Abimelec Ortiz 2B Ketel Marte 3B Miguel Vargas C Gabriel Moreno OF Corbin Carroll OF Andrew Benintendi OF Tim Tawa P Dylan Cease P Dean Kremer SS Geraldo Perdomo,,,
290,5220771802,SteelCurtain945,0,100.899994,1B Kyle Schwarber 2B Brandon Lowe 3B Kazuma Okamoto C Henry Davis OF Corbin Carroll OF Bryan Reynolds OF Esmerlyn Valdez P Lake Bachar P Hunter Barco SS Francisco Lindor,,,
291,5220770355,steelersnation70,0,100.75,1B Miguel Vargas 2B Ernie Clement 3B Brady House C Luis Torrens OF Fernando Tatis Jr. OF Wilyer Abreu OF Corbin Carroll P Eury Perez P Christian Scott SS Edmundo Sosa,,,
292,5220749468,Gronkowski69 (2/12),0,100.7,1B Michael Toglia 2B Matt McLain 3B Eugenio Suarez C Agustin Ramirez OF JJ Bleday OF George Springer OF Heriberto Hernandez P Dylan Cease P Christian Scott SS Elly De La Cruz,,,
292,5220752881,GGHOSTMANH (7/17),0,100.7,1B Tim Tawa 2B Ketel Marte 3B Bo Bichette C Luis Torrens OF Carson Benge OF A.J. Ewing OF Max Kepler P Dylan Cease P Christian Scott SS Francisco Lindor,,,
292,5220763795,greenmagic22,0,100.7,1B Charles McAdoo 2B Jake Cronenworth 3B Jared Triolo C Brian Navarreto OF Ronald Acuna Jr. OF Byron Buxton OF Corbin Carroll P Dylan Cease P Christian Scott SS Francisco Lindor,,,
295,5220752885,GGHOSTMANH (11/17),0,100.6,1B Jared Young 2B Jorge Polanco 3B Miguel Vargas C Gabriel Moreno OF Sam Antonacci OF Carson Benge OF Luis Robert Jr. P Eury Perez P Ryan Weathers SS Francisco Lindor,,,
296,5220773449,Thegamejoshyd44 (4/17),0,100.55,1B Jared Young 2B Jake Cronenworth 3B Colson Montgomery C Austin Wells OF Corbin Carroll OF Chase DeLauter OF Jarren Duran P Dylan Cease P Eury Perez SS Francisco Lindor,,,
296,5220773461,Thegamejoshyd44 (9/17),0,100.55,1B Jared Young 2B Jake Cronenworth 3B Colson Montgomery C Austin Wells OF Corbin Carroll OF Chase DeLauter OF Jarren Duran P Dylan Cease P Eury Perez SS Francisco Lindor,,,
296,5220773480,Thegamejoshyd44 (11/17),0,100.55,1B Jared Young 2B Jake Cronenworth 3B Colson Montgomery C Austin Wells OF Corbin Carroll OF Chase DeLauter OF Jarren Duran P Dylan Cease P Eury Perez SS Francisco Lindor,,,
296,5220779803,cshap327,0,100.55,1B Josh Bell 2B Chase Meidroth 3B Bo Bichette C Rafael Flores Jr. OF Bryan Reynolds OF Carson Benge OF Luis Robert Jr. P Dylan Cease P Eury Perez SS Jim Jarvis,,,
296,5220781799,Thegamejoshyd44 (15/17),0,100.55,1B Jared Young 2B Jake Cronenworth 3B Colson Montgomery C Austin Wells OF Corbin Carroll OF Chase DeLauter OF Jarren Duran P Dylan Cease P Eury Perez SS Francisco Lindor,,,
301,5220762245,pmdank2,0,100.2,1B Dominic Smith 2B Bryson Stott 3B Javier Sanoja C Luis Torrens OF Michael Harris II OF Daylen Lile OF Brett Baty P Dylan Cease P Sean Burke SS Francisco Lindor,,,
302,5220775066,Darkmen715 (5/17),0,99.7,1B Michael Toglia 2B Jorge Polanco 3B Charles McAdoo C Agustin Ramirez OF Fernando Tatis Jr. OF Corbin Carroll OF Luis Robert Jr. P Dylan Cease P Christian Scott SS Elly De La Cruz,,,
302,5220785912,bjjball44 (11/17),0,99.7,1B Michael Toglia 2B Matt McLain 3B Bryson Stott C Agustin Ramirez OF Fernando Tatis Jr. OF Corbin Carroll OF Tim Tawa P Dylan Cease P Christian Scott SS Francisco Lindor,,,
304,5220775457,renardcars (2/2),0,99.55,1B Abimelec Ortiz 2B Jorbit Vivas 3B Charles McAdoo C Drake Baldwin OF Daylen Lile OF Jacob Young OF Dominic Smith P Dylan Cease P Eury Perez SS CJ Abrams,,,
305,5220788070,d9144 (6/12),0,99.05,1B Jared Young 2B Ketel Marte 3B Bo Bichette C Gabriel Moreno OF Corbin Carroll OF A.J. Ewing OF Tim Tawa P Dylan Cease P Dean Kremer SS Geraldo Perdomo,,,
306,5220775487,Stree (7/12),0,98.9,1B Jared Young 2B Ketel Marte 3B Bo Bichette C Gabriel Moreno OF Carson Benge OF A.J. Ewing OF Trevor Larnach P Dylan Cease P Drew Anderson SS Francisco Lindor,,,
307,5220753627,XYZee03 (17/17),0,98.7,1B Kazuma Okamoto 2B Sam Antonacci 3B Jose Ramirez C Brian Navarreto OF Chase DeLauter OF Heriberto Hernandez OF Steven Kwan P Dylan Cease P Christian Scott SS Otto Lopez,,,
307,5220775064,Darkmen715 (3/17),0,98.7,1B Michael Toglia 2B Royce Lewis 3B Jorge Polanco C Alejandro Kirk OF Byron Buxton OF Kody Clemens OF Trevor Larnach P Dylan Cease P Christian Scott SS Francisco Lindor,,,
309,5220770499,miwills8,0,98.55,1B Alec Bohm 2B Luis Arraez 3B Caleb Durbin C J.T. Realmuto OF Wilyer Abreu OF Brandon Marsh OF Edmundo Sosa P Dylan Cease P Eury Perez SS Kaelen Culpepper,,,
309,5220785722,Gronkowski69 (8/12),0,98.55,1B Kyle Schwarber 2B Nick Sogard 3B Alec Bohm C James McCann OF Corbin Carroll OF Tim Tawa OF Jorge Barrosa P Dylan Cease P Eury Perez SS Geraldo Perdomo,,,
311,5220775490,Stree (10/12),0,98.5,1B Kyle Schwarber 2B Jorge Polanco 3B Bryson Stott C Luis Torrens OF Corbin Carroll OF A.J. Ewing OF Brett Baty P Dylan Cease P Nick Lodolo SS Francisco Lindor,,,
312,5220768815,the_dreamer (1/6),0,98.4,1B Josh Bell 2B Royce Lewis 3B Brooks Lee C Luis Torrens OF Byron Buxton OF Kody Clemens OF Carson Benge P Sean Burke P Christian Scott SS Francisco Lindor,,,
312,5220781240,the_dreamer (4/6),0,98.4,1B Josh Bell 2B Royce Lewis 3B Brooks Lee C Luis Torrens OF Byron Buxton OF Kody Clemens OF Carson Benge P Sean Burke P Christian Scott SS Francisco Lindor,,,
312,5220781901,the_dreamer (5/6),0,98.4,1B Josh Bell 2B Royce Lewis 3B Brooks Lee C Luis Torrens OF Byron Buxton OF Kody Clemens OF Carson Benge P Sean Burke P Christian Scott SS Francisco Lindor,,,
315,5220771603,FantasyCrusader (2/8),0,98.05,1B Josh Bell 2B Ketel Marte 3B Javier Sanoja C Gabriel Moreno OF Corbin Carroll OF Trevor Larnach OF Max Kepler P Dylan Cease P Dean Kremer SS Geraldo Perdomo,,,
316,5220775489,Stree (9/12),0,97.75,1B Nick Sogard 2B Sam Antonacci 3B Miguel Vargas C Connor Wong OF Wilyer Abreu OF Ceddanne Rafaela OF Jarren Duran P Eury Perez P Christian Scott SS Francisco Lindor,,,
316,5220780094,rominski93,0,97.75,1B Matt Olson 2B Royce Lewis 3B Brooks Lee C Austin Wells OF Byron Buxton OF Kody Clemens OF Trevor Larnach P Sean Burke P Dean Kremer SS Francisco Lindor,,,
318,5220752887,GGHOSTMANH (13/17),0,97.7,1B Ty France 2B Jake Cronenworth 3B Manny Machado C Brian Navarreto OF Jackson Merrill OF Jo Adell OF Luis Rengifo P Dylan Cease P Christian Scott SS Otto Lopez,,,
318,5220779126,mollyballs,0,97.7,1B Josh Bell 2B Ozzie Albies 3B Bo Bichette C Victor Caratini OF Byron Buxton OF Kody Clemens OF Luke Keaschall P Dylan Cease P Christian Scott SS Jim Jarvis,,,
318,5220784693,mclocker (1/2),0,97.7,1B Jared Young 2B Sam Antonacci 3B Jorge Polanco C Agustin Ramirez OF Byron Buxton OF Luis Robert Jr. OF Steven Kwan P Dylan Cease P Christian Scott SS Elly De La Cruz,,,
318,5220787132,KizrBr (5/5),0,97.7,1B Kyle Schwarber 2B Ketel Marte 3B Bryson Stott C Gabriel Moreno OF Justin Crawford OF Tim Tawa OF Edmundo Sosa P Dylan Cease P Christian Scott SS Geraldo Perdomo,,,
318,5220788068,d9144 (4/12),0,97.7,1B Josh Bell 2B Royce Lewis 3B Jorge Polanco C Luis Torrens OF Byron Buxton OF Trevor Larnach OF Luke Keaschall P Dylan Cease P Christian Scott SS Francisco Lindor,,,
323,5220752876,GGHOSTMANH (2/17),0,97.55,1B Abimelec Ortiz 2B Ketel Marte 3B Jorge Polanco C Gabriel Moreno OF Corbin Carroll OF A.J. Ewing OF Tim Tawa P Dylan Cease P Eury Perez SS Geraldo Perdomo,,,
324,5220775133,TheDeebz,0,97.1,1B Royce Lewis 2B Ozzie Albies 3B Bo Bichette C Keibert Ruiz OF Ceddanne Rafaela OF Esmerlyn Valdez OF Jackson Merrill P Ryan Weathers P Dean Kremer SS Otto Lopez,,,
325,5220764852,pdt13 (17/17),0,96.9,1B Abimelec Ortiz 2B Matt McLain 3B Bo Bichette C Adley Rutschman OF Ronald Acuna Jr. OF A.J. Ewing OF Trevor Larnach P Dylan Cease P Drew Anderson SS Francisco Lindor,,,
325,5220775070,Darkmen715 (9/17),0,96.9,1B Sal Stewart 2B Ernie Clement 3B Eugenio Suarez C Agustin Ramirez OF JJ Bleday OF Heriberto Hernandez OF Zach McKinstry P Dylan Cease P Drew Anderson SS Elly De La Cruz,,,
327,5220779871,snowman17.5,0,96.8,1B Rhys Hoskins 2B Jorge Polanco 3B Jose Ramirez C Gabriel Moreno OF Ronald Acuna Jr. OF Esmerlyn Valdez OF Chase DeLauter P Eury Perez P Bryce Elder SS Brayan Rocchio,,,
328,5220756421,dbacks1111 (1/2),0,96.75,1B Abimelec Ortiz 2B Gleyber Torres 3B Bryson Stott C Gabriel Moreno OF Byron Buxton OF Fernando Tatis Jr. OF Brett Bateman P Eury Perez P Christian Scott SS Francisco Lindor,,,
328,5220777914,coacht528,0,96.75,1B Ty France 2B Bryson Stott 3B Alec Bohm C Alejandro Kirk OF Bryce Harper OF Fernando Tatis Jr. OF Mike Yastrzemski P Ryan Weathers P Christian Scott SS Francisco Lindor,,,
330,5220756739,cha457 (1/17),0,96.7,1B Michael Toglia 2B Matt McLain 3B Eugenio Suarez C Agustin Ramirez OF Corbin Carroll OF Esteury Ruiz OF Jakob Marsee P Dylan Cease P Christian Scott SS Elly De La Cruz,,,
330,5220778943,Jeter2333 (5/17),0,96.7,1B Jared Young 2B Jorge Polanco 3B Nolan Arenado C Gabriel Moreno OF Corbin Carroll OF Carson Benge OF A.J. Ewing P Dylan Cease P Christian Scott SS Francisco Lindor,,,
330,5220779272,mlipsco,0,96.7,1B Kazuma Okamoto 2B Ernie Clement 3B Manny Machado C Freddy Fermin OF Fernando Tatis Jr. OF George Springer OF Luis Rengifo P Dylan Cease P Christian Scott SS Francisco Lindor,,,
330,5220785813,Jeter2333 (12/17),0,96.7,1B Jared Young 2B Jorge Polanco 3B Nolan Arenado C Gabriel Moreno OF Corbin Carroll OF Carson Benge OF A.J. Ewing P Dylan Cease P Christian Scott SS Francisco Lindor,,,
330,5220785815,Jeter2333 (14/17),0,96.7,1B Jared Young 2B Ketel Marte 3B Jorge Polanco C Gabriel Moreno OF Corbin Carroll OF A.J. Ewing OF Max Kepler P Dylan Cease P Christian Scott SS Geraldo Perdomo,,,
330,5220788069,d9144 (5/12),0,96.7,1B Jared Young 2B Jorge Polanco 3B Nolan Arenado C Gabriel Moreno OF Corbin Carroll OF Carson Benge OF A.J. Ewing P Dylan Cease P Christian Scott SS Francisco Lindor,,,
336,5220778846,louiswat,0,96.6,1B Miguel Vargas 2B Royce Lewis 3B Caleb Durbin C Rafael Flores Jr. OF Corbin Carroll OF Kody Clemens OF Sam Antonacci P Casey Mize P Tanner Bibee SS Javier Baez,,,
337,5220754158,KizrBr (1/5),0,96.55,1B Josh Bell 2B Royce Lewis 3B Jorge Polanco C Henry Davis OF Kody Clemens OF Carson Benge OF Luis Robert Jr. P Dylan Cease P Eury Perez SS Francisco Lindor,,,
337,5220785807,Jeter2333 (6/17),0,96.55,1B Charles McAdoo 2B Ernie Clement 3B Kazuma Okamoto C Gabriel Moreno OF Ronald Acuna Jr. OF George Springer OF Brett Bateman P Dylan Cease P Eury Perez SS Francisco Lindor,,,
337,5220787131,KizrBr (4/5),0,96.55,1B Josh Bell 2B Royce Lewis 3B Jorge Polanco C Henry Davis OF Kody Clemens OF Carson Benge OF Luis Robert Jr. P Dylan Cease P Eury Perez SS Francisco Lindor,,,
337,5220787949,Jeter2333 (15/17),0,96.55,1B Charles McAdoo 2B Ernie Clement 3B Kazuma Okamoto C Gabriel Moreno OF Ronald Acuna Jr. OF George Springer OF Brett Bateman P Dylan Cease P Eury Perez SS Francisco Lindor,,,
341,5220752878,GGHOSTMANH (4/17),0,96.25,1B Bryce Harper 2B Luis Arraez 3B Bryson Stott C Brian Navarreto OF Heriberto Hernandez OF Esteury Ruiz OF Javier Sanoja P Sean Burke P Eury Perez SS Otto Lopez,,,
341,5220768090,hayob3 (1/2),0,96.25,1B Miguel Vargas 2B Jake Cronenworth 3B Colson Montgomery C Gabriel Moreno OF Corbin Carroll OF Andrew Benintendi OF Daz Cameron P Sean Burke P Eury Perez SS Francisco Lindor,,,
341,5220768091,hayob3 (2/2),0,96.25,1B Miguel Vargas 2B Jake Cronenworth 3B Colson Montgomery C Gabriel Moreno OF Corbin Carroll OF Andrew Benintendi OF Daz Cameron P Sean Burke P Eury Perez SS Francisco Lindor,,,
344,5220769812,paulmgarcia420 (1/2),0,96.2,1B Alec Bohm 2B Ernie Clement 3B Austin Riley C Alejandro Kirk OF Dylan Crews OF Kody Clemens OF Jarren Duran P Dylan Cease P Sean Burke SS Javier Baez,,,
344,5220777238,massdestruct1 (2/2),0,96.2,1B Josh Bell 2B Sam Antonacci 3B Brooks Lee C Drew Romo OF Byron Buxton OF Esmerlyn Valdez OF George Springer P Dylan Cease P Sean Burke SS Kaelen Culpepper,,,
344,5220780059,muscle_man_2112,0,96.2,1B Alec Bohm 2B Bryson Stott 3B Brooks Lee C Alejandro Kirk OF Corbin Carroll OF Trevor Larnach OF Brett Bateman P Dylan Cease P Sean Burke SS Geraldo Perdomo,,,
347,5220753626,XYZee03 (16/17),0,95.7,1B Charles McAdoo 2B Sam Antonacci 3B Jose Ramirez C Brian Navarreto OF Chase DeLauter OF Heriberto Hernandez OF Steven Kwan P Dylan Cease P Christian Scott SS Otto Lopez,,,
347,5220787390,FantasyCrusader (8/8),0,95.7,1B Jared Young 2B Ketel Marte 3B Charles McAdoo C Gabriel Moreno OF Corbin Carroll OF Carson Benge OF Luis Robert Jr. P Dylan Cease P Christian Scott SS Geraldo Perdomo,,,
349,5220751795,Wanna_Square_Up1567 (15/17),0,95.55,1B Abimelec Ortiz 2B Ketel Marte 3B Jorge Polanco C Gabriel Moreno OF Corbin Carroll OF Daylen Lile OF Jorge Barrosa P Dylan Cease P Eury Perez SS Geraldo Perdomo,,,
349,5220755166,ivymoose (1/5),0,95.55,1B Nathaniel Lowe 2B Bryson Stott 3B Manny Machado C Freddy Fermin OF Fernando Tatis Jr. OF Jo Adell OF Luis Rengifo P Dylan Cease P Eury Perez SS Xander Bogaerts,,,
349,5220770061,kyleorso (17/17),0,95.55,1B Bryce Harper 2B Jake Cronenworth 3B Ke'Bryan Hayes C Brian Navarreto OF Byron Buxton OF Corbin Carroll OF Esteury Ruiz P Dylan Cease P Eury Perez SS Edmundo Sosa,,,
349,5220780755,Ryanlaxx,0,95.55,1B Kyle Schwarber 2B Ernie Clement 3B Charles McAdoo C Alejandro Kirk OF Bryce Harper OF Jake Mangum OF Brett Bateman P Dylan Cease P Eury Perez SS Andres Gimenez,,,
353,5220778311,Grouchogaucho,0,95.25,1B Royce Lewis 2B Luis Arraez 3B Bo Bichette C Gabriel Moreno OF Bryan Reynolds OF Michael Harris II OF JJ Bleday P Christian Scott P Patrick Sandoval SS Geraldo Perdomo,,,
354,5220767730,psumav (1/13),0,95.1,1B Josh Bell 2B Kody Clemens 3B Alec Bohm C Gabriel Moreno OF Byron Buxton OF Corbin Carroll OF Trevor Larnach P Eury Perez P Patrick Sandoval SS Geraldo Perdomo,,,
355,5220751796,Wanna_Square_Up1567 (16/17),0,95.05,1B Tim Tawa 2B Ketel Marte 3B Charles McAdoo C Gabriel Moreno OF Fernando Tatis Jr. OF Corbin Carroll OF Gavin Sheets P Dylan Cease P Dean Kremer SS Geraldo Perdomo,,,
355,5220783575,FantasyCrusader (6/8),0,95.05,1B Jared Young 2B Brett Baty 3B Bo Bichette C Luis Torrens OF Byron Buxton OF Carson Benge OF Trevor Larnach P Dylan Cease P Dean Kremer SS CJ Abrams,,,
357,5220775071,Darkmen715 (10/17),0,94.9,1B Sal Stewart 2B Matt McLain 3B Eugenio Suarez C Agustin Ramirez OF JJ Bleday OF Heriberto Hernandez OF Zach McKinstry P Dylan Cease P Drew Anderson SS Elly De La Cruz,,,
358,5220766136,Welt84,0,94.75,1B Munetaka Murakami 2B Luis Arraez 3B Caleb Durbin C Agustin Ramirez OF Ceddanne Rafaela OF Carson Benge OF Steven Kwan P Eury Perez P Christian Scott SS Francisco Lindor,,,
358,5220767697,TRUESandVOGUES (2/2),0,94.75,1B Kazuma Okamoto 2B Xavier Edwards 3B Caleb Durbin C Drake Baldwin OF Jarren Duran OF A.J. Ewing OF Jakob Marsee P Dylan Cease P Bryce Elder SS Andruw Monasterio,,,
358,5220769509,JGLspeaks (3/5),0,94.75,1B Kyle Schwarber 2B Ketel Marte 3B Bryson Stott C Gabriel Moreno OF Corbin Carroll OF Max Kepler OF Tim Tawa P Ryan Weathers P Christian Scott SS Edmundo Sosa,,,
361,5220775062,Darkmen715 (1/17),0,94.7,1B Kazuma Okamoto 2B Jorge Polanco 3B Bryson Stott C Gabriel Moreno OF Corbin Carroll OF A.J. Ewing OF Max Kepler P Dylan Cease P Christian Scott SS Geraldo Perdomo,,,
362,5220779943,61rambler,0,94.6,1B Josh Bell 2B Sam Antonacci 3B Eugenio Suarez C Agustin Ramirez OF Fernando Tatis Jr. OF Michael Harris II OF JJ Bleday P Casey Mize P Bryce Elder SS Geraldo Perdomo,,,
363,5220752886,GGHOSTMANH (12/17),0,94.55,1B Nathaniel Lowe 2B Luis Arraez 3B Bryson Stott C James McCann OF Bryce Harper OF Max Kepler OF Justin Crawford P Dylan Cease P Eury Perez SS Edmundo Sosa,,,
363,5220755170,ivymoose (5/5),0,94.55,1B Jared Young 2B Jorge Polanco 3B Jose Ramirez C Luis Torrens OF Chase DeLauter OF Carson Benge OF Steven Kwan P Dylan Cease P Eury Perez SS Francisco Lindor,,,
365,5220784499,statis.official (1/12),0,94.25,1B Kyle Schwarber 2B Bryson Stott 3B Alec Bohm C Gabriel Moreno OF Esteury Ruiz OF Luke Keaschall OF Tim Tawa P Sean Burke P Eury Perez SS Francisco Lindor,,,
365,5220784510,statis.official (12/12),0,94.25,1B Kyle Schwarber 2B Bryson Stott 3B Alec Bohm C Gabriel Moreno OF Esteury Ruiz OF Luke Keaschall OF Tim Tawa P Sean Burke P Eury Perez SS Otto Lopez,,,
367,5220779431,TheShook33,0,94.2,1B Abimelec Ortiz 2B Bryson Stott 3B Alec Bohm C Rafael Flores Jr. OF Corbin Carroll OF Chase DeLauter OF Steven Kwan P Dylan Cease P Sean Burke SS Francisco Lindor,,,
368,5220785915,bjjball44 (14/17),0,94.05,1B Michael Toglia 2B Bryson Stott 3B Manny Machado C Agustin Ramirez OF Corbin Carroll OF A.J. Ewing OF Heriberto Hernandez P Dylan Cease P Patrick Sandoval SS Otto Lopez,,,
369,5220785905,bjjball44 (4/17),0,93.9,1B Michael Toglia 2B Matt McLain 3B Bryson Stott C Agustin Ramirez OF Ronald Acuna Jr. OF Corbin Carroll OF A.J. Ewing P Dylan Cease P Drew Anderson SS Francisco Lindor,,,
369,5220785917,bjjball44 (16/17),0,93.9,1B Michael Toglia 2B Bryson Stott 3B Jose Ramirez C Agustin Ramirez OF Corbin Carroll OF A.J. Ewing OF Tim Tawa P Dylan Cease P Drew Anderson SS Francisco Lindor,,,
371,5220776246,StoneAlien,0,93.8,1B Munetaka Murakami 2B Bryson Stott 3B Caleb Durbin C Gabriel Moreno OF Ceddanne Rafaela OF Gavin Sheets OF Brett Bateman P Dylan Cease P Michael Soroka SS Andruw Monasterio,,,
371,5220783600,rjames47 (2/2),0,93.8,1B Munetaka Murakami 2B Sam Antonacci 3B Bryson Stott C Connor Wong OF Carson Benge OF A.J. Ewing OF George Springer P Dylan Cease P Michael Soroka SS Brayan Rocchio,,,
373,5220772573,TheMafia99,0,93.7,1B Matt Olson 2B Luis Arraez 3B Kazuma Okamoto C Drake Baldwin OF Corbin Carroll OF Michael Harris II OF A.J. Ewing P Christian Scott P Andrew Painter SS Geraldo Perdomo,,,
374,5220770051,kyleorso (7/17),0,93.55,1B Kazuma Okamoto 2B Jose Caballero 3B Ryan McMahon C Keibert Ruiz OF Trent Grisham OF Spencer Jones OF Jorge Barrosa P Dylan Cease P Eury Perez SS George Lombard Jr.,,,
375,5220785942,Gronkowski69 (9/12),0,93.5,1B Kyle Schwarber 2B Bryson Stott 3B Eugenio Suarez C Rafael Flores Jr. OF Bryce Harper OF Brandon Marsh OF Heriberto Hernandez P Dylan Cease P Andrew Painter SS Edmundo Sosa,,,
376,5220785467,Dreak01,0,93.05,1B Ty France 2B Xavier Edwards 3B Austin Riley C Keibert Ruiz OF Jake Mangum OF Carson Benge OF Jarren Duran P Dylan Cease P Dean Kremer SS Colson Montgomery,,,
377,5220751785,Wanna_Square_Up1567 (5/17),0,92.7,1B Jared Young 2B Ketel Marte 3B Leo Jimenez C Gabriel Moreno OF Corbin Carroll OF Carson Benge OF Max Kepler P Dylan Cease P Christian Scott SS Geraldo Perdomo,,,
377,5220785907,bjjball44 (6/17),0,92.7,1B Michael Toglia 2B Matt McLain 3B Eugenio Suarez C Agustin Ramirez OF Corbin Carroll OF A.J. Ewing OF Tim Tawa P Dylan Cease P Christian Scott SS Elly De La Cruz,,,
379,5220779640,billynumbers,0,92.55,1B Nathaniel Lowe 2B Jorge Polanco 3B Jose Ramirez C Agustin Ramirez OF Chase DeLauter OF Jo Adell OF Steven Kwan P Dylan Cease P Eury Perez SS Francisco Lindor,,,
380,5220775871,hossteam,0,92.2,1B Kyle Schwarber 2B Luis Arraez 3B Nolan Arenado C Rafael Flores Jr. OF Fernando Tatis Jr. OF Corbin Carroll OF Heriberto Hernandez P Eury Perez P Jake Irvin SS Jared Triolo,,,
380,5220782830,nealcassady,0,92.2,1B Jared Young 2B Sam Antonacci 3B Bo Bichette C Drew Romo OF Carson Benge OF Braden Montgomery OF Andrew Benintendi P Dylan Cease P Sean Burke SS Francisco Lindor,,,
382,5220756871,adambomb49ers,0,91.75,1B Josh Bell 2B Matt McLain 3B Kevin McGonigle C Agustin Ramirez OF Bryce Harper OF Ronald Acuna Jr. OF Bryan Reynolds P Tanner Bibee P Nick Lodolo SS Jared Triolo,,,
383,5220753176,tfamularo (3/4),0,91.4,1B Kyle Schwarber 2B Brett Baty 3B Ryan McMahon C Freddy Fermin OF Bryce Harper OF Carson Benge OF Luis Rengifo P Casey Mize P Ryan Weathers SS Francisco Lindor,,,
384,5220778151,nrd53920 (2/6),0,91.2,1B Jared Young 2B Jake Cronenworth 3B Manny Machado C Agustin Ramirez OF Carson Benge OF A.J. Ewing OF Luis Robert Jr. P Dylan Cease P Sean Burke SS Francisco Lindor,,,
385,5220755201,callanan64,0,91.05,1B Kyle Schwarber 2B Royce Lewis 3B Brooks Lee C Rafael Flores Jr. OF Byron Buxton OF Jo Adell OF Luke Keaschall P Dylan Cease P Dean Kremer SS Kaelen Culpepper,,,
386,5220779835,fausey03,0,91,1B Kyle Schwarber 2B Luis Arraez 3B Bo Bichette C Gabriel Moreno OF Brandon Marsh OF Jo Adell OF Brett Bateman P Michael Soroka P Christian Scott SS Francisco Lindor,,,
387,5220785909,bjjball44 (8/17),0,90.9,1B Tim Tawa 2B Matt McLain 3B Manny Machado C Agustin Ramirez OF Fernando Tatis Jr. OF Corbin Carroll OF Jakob Marsee P Dylan Cease P Drew Anderson SS Francisco Lindor,,,
388,5220749469,Gronkowski69 (3/12),0,90.7,1B Sal Stewart 2B Jorge Polanco 3B Eugenio Suarez C Gabriel Moreno OF Carson Benge OF A.J. Ewing OF Brett Baty P Dylan Cease P Christian Scott SS Francisco Lindor,,,
388,5220768734,renardcars (1/2),0,90.7,1B Jared Young 2B Brett Baty 3B Nolan Arenado C James McCann OF Corbin Carroll OF Carson Benge OF A.J. Ewing P Dylan Cease P Christian Scott SS Francisco Lindor,,,
390,5220752879,GGHOSTMANH (5/17),0,90.55,1B Josh Bell 2B Kody Clemens 3B Jose Ramirez C Victor Caratini OF Trevor Larnach OF Jo Adell OF Steven Kwan P Dylan Cease P Eury Perez SS Kaelen Culpepper,,,
390,5220788034,Gronkowski69 (12/12),0,90.55,1B Jared Young 2B Jorge Polanco 3B Nolan Arenado C Gabriel Moreno OF Corbin Carroll OF A.J. Ewing OF Max Kepler P Dylan Cease P Eury Perez SS Geraldo Perdomo,,,
392,5220767648,Johnny_Great (3/3),0,90.5,1B Abimelec Ortiz 2B Anthony Seigler 3B Caleb Durbin C Connor Wong OF Dylan Crews OF Ceddanne Rafaela OF Daylen Lile P Dylan Cease P Nick Lodolo SS CJ Abrams,,,
392,5220778940,Jeter2333 (2/17),0,90.5,1B Jared Young 2B Ketel Marte 3B Nolan Arenado C Gabriel Moreno OF Corbin Carroll OF A.J. Ewing OF Tim Tawa P Dylan Cease P Nick Lodolo SS Francisco Lindor,,,
392,5220785809,Jeter2333 (8/17),0,90.5,1B Jared Young 2B Ketel Marte 3B Nolan Arenado C Gabriel Moreno OF Corbin Carroll OF A.J. Ewing OF Tim Tawa P Dylan Cease P Nick Lodolo SS Francisco Lindor,,,
392,5220787951,Jeter2333 (17/17),0,90.5,1B Jared Young 2B Ketel Marte 3B Nolan Arenado C Gabriel Moreno OF Corbin Carroll OF A.J. Ewing OF Tim Tawa P Dylan Cease P Nick Lodolo SS Francisco Lindor,,,
396,5220781216,wardsound (3/4),0,90.4,1B Alec Bohm 2B Matt McLain 3B Brady House C Rafael Flores Jr. OF Fernando Tatis Jr. OF Wilyer Abreu OF Corbin Carroll P Eury Perez P Casey Mize SS Andruw Monasterio,,,
397,5220775482,Stree (2/12),0,89.55,1B Jared Young 2B Ketel Marte 3B Jorge Polanco C Gabriel Moreno OF Corbin Carroll OF Carson Benge OF Jorge Barrosa P Dylan Cease P Eury Perez SS Geraldo Perdomo,,,
398,5220768766,VonderPets,0,89.25,1B Kyle Schwarber 2B Bryson Stott 3B Alec Bohm C Victor Caratini OF Wilyer Abreu OF Esmerlyn Valdez OF Andrew Benintendi P Sean Burke P Eury Perez SS Edmundo Sosa,,,
399,5220782236,sky91168,0,89.05,1B Nick Sogard 2B Anthony Seigler 3B Miguel Vargas C Gabriel Moreno OF Wilyer Abreu OF Sam Antonacci OF Brett Baty P Dylan Cease P Patrick Sandoval SS Colson Montgomery,,,
400,5220782460,poz1171,0,88.9,1B Munetaka Murakami 2B Matt McLain 3B Eugenio Suarez C Gabriel Moreno OF Corbin Carroll OF JJ Bleday OF Daz Cameron P Casey Mize P Dean Kremer SS Elly De La Cruz,,,
401,5220767737,psumav (8/13),0,88.7,1B Nick Sogard 2B Ketel Marte 3B Jorge Polanco C Connor Wong OF Wilyer Abreu OF Corbin Carroll OF Ceddanne Rafaela P Dylan Cease P Christian Scott SS Andruw Monasterio,,,
401,5220778942,Jeter2333 (4/17),0,88.7,1B Jared Young 2B Jorge Polanco 3B Nolan Arenado C Gabriel Moreno OF Byron Buxton OF Carson Benge OF A.J. Ewing P Dylan Cease P Christian Scott SS Francisco Lindor,,,
401,5220785808,Jeter2333 (7/17),0,88.7,1B Jared Young 2B Jorge Polanco 3B Nolan Arenado C Gabriel Moreno OF Byron Buxton OF Carson Benge OF A.J. Ewing P Dylan Cease P Christian Scott SS Francisco Lindor,,,
401,5220786132,psumav (12/13),0,88.7,1B Nick Sogard 2B Ketel Marte 3B Jorge Polanco C Connor Wong OF Wilyer Abreu OF Corbin Carroll OF Ceddanne Rafaela P Dylan Cease P Christian Scott SS Andruw Monasterio,,,
401,5220787950,Jeter2333 (16/17),0,88.7,1B Jared Young 2B Jorge Polanco 3B Nolan Arenado C Gabriel Moreno OF Byron Buxton OF Carson Benge OF A.J. Ewing P Dylan Cease P Christian Scott SS Francisco Lindor,,,
406,5220767647,Johnny_Great (2/3),0,88.55,1B Dominic Smith 2B Nick Sogard 3B Caleb Durbin C Agustin Ramirez OF Michael Harris II OF Ceddanne Rafaela OF Jarren Duran P Dylan Cease P Eury Perez SS Andruw Monasterio,,,
406,5220779291,tvielkin (4/7),0,88.55,1B Tim Tawa 2B Ketel Marte 3B Nolan Arenado C Connor Wong OF Corbin Carroll OF Jarren Duran OF Steven Kwan P Dylan Cease P Eury Perez SS Geraldo Perdomo,,,
406,5220787904,DosElephantes,0,88.55,1B Nathaniel Lowe 2B Royce Lewis 3B Caleb Durbin C Rafael Flores Jr. OF Esmerlyn Valdez OF Jo Adell OF Andrew Benintendi P Dylan Cease P Eury Perez SS Geraldo Perdomo,,,
409,5220784911,teddyruxpin6969,0,88.4,1B Abimelec Ortiz 2B Jorbit Vivas 3B Charles McAdoo C Ben Rice OF Ronald Acuna Jr. OF Dylan Crews OF Daylen Lile P Bryce Elder P Jake Irvin SS CJ Abrams,,,
410,5220774574,elipin,0,88.25,1B Josh Bell 2B Kody Clemens 3B Charles McAdoo C Rafael Flores Jr. OF Corbin Carroll OF Esmerlyn Valdez OF Carson Benge P Sean Burke P Eury Perez SS Francisco Lindor,,,
411,5220781880,wardsound (4/4),0,87.6,1B Alec Bohm 2B Matt McLain 3B Brady House C Rafael Flores Jr. OF Fernando Tatis Jr. OF Wilyer Abreu OF Corbin Carroll P Eury Perez P Ryan Weathers SS Andruw Monasterio,,,
412,5220776571,geamen,0,87.4,1B Bryce Harper 2B Nick Sogard 3B Bo Bichette C Agustin Ramirez OF Michael Harris II OF Carson Benge OF A.J. Ewing P Sean Burke P Christian Scott SS Xander Bogaerts,,,
413,5220781756,barrencastle,0,87.2,1B Jared Young 2B Bryson Stott 3B Brooks Lee C Victor Caratini OF Bryan Reynolds OF Carson Benge OF A.J. Ewing P Dylan Cease P Sean Burke SS Geraldo Perdomo,,,
414,5220770128,yaya0130,0,87.05,1B Ty France 2B Jose Caballero 3B Manny Machado C Gabriel Moreno OF Wilyer Abreu OF Trent Grisham OF Spencer Jones P Dylan Cease P Dean Kremer SS George Lombard Jr.,,,
415,5220766938,dbacks1111 (2/2),0,86.7,1B Abimelec Ortiz 2B Gleyber Torres 3B Bryson Stott C Adley Rutschman OF Byron Buxton OF Steven Kwan OF Brett Bateman P Dylan Cease P Christian Scott SS Francisco Lindor,,,
415,5220778848,JGLspeaks (4/5),0,86.7,1B Kyle Schwarber 2B Ketel Marte 3B Bryson Stott C J.T. Realmuto OF Max Kepler OF Justin Crawford OF Tim Tawa P Dylan Cease P Christian Scott SS Edmundo Sosa,,,
417,5220764554,buzzards59,0,86.6,1B Bryce Harper 2B Royce Lewis 3B Ke'Bryan Hayes C Luis Torrens OF Byron Buxton OF Sam Antonacci OF Steven Kwan P Eury Perez P Ryan Weathers SS Otto Lopez,,,
417,5220780038,wardsound (2/4),0,86.6,1B Ty France 2B Luis Arraez 3B Nolan Arenado C Gabriel Moreno OF Esmerlyn Valdez OF Braden Montgomery OF Brett Bateman P Eury Perez P Ryan Weathers SS Francisco Lindor,,,
419,5220753642,spellcalvin95,0,86.55,1B Alec Bohm 2B Bryson Stott 3B Kevin McGonigle C J.T. Realmuto OF Brandon Marsh OF A.J. Ewing OF Justin Crawford P Dylan Cease P Ryan Weathers SS Javier Baez,,,
420,5220765384,TRUESandVOGUES (1/2),0,86.25,1B Miguel Vargas 2B Xavier Edwards 3B Bryson Stott C Adley Rutschman OF Heriberto Hernandez OF Jakob Marsee OF Brett Bateman P Sean Burke P Eury Perez SS Otto Lopez,,,
420,5220776793,goolie1228 (2/2),0,86.25,1B Spencer Torkelson 2B Travis Bazzana 3B Bo Bichette C Rafael Flores Jr. OF Byron Buxton OF Kody Clemens OF JJ Bleday P Christian Scott P Dean Kremer SS Otto Lopez,,,
420,5220782215,jhc1532,0,86.25,1B Jared Young 2B Xavier Edwards 3B Jose Ramirez C Rafael Flores Jr. OF Bryan Reynolds OF Jackson Merrill OF Chase DeLauter P Sean Burke P Eury Perez SS Andruw Monasterio,,,
420,5220784526,neterka (1/2),0,86.25,1B Jared Young 2B Brett Baty 3B Bryson Stott C Rafael Flores Jr. OF Byron Buxton OF Corbin Carroll OF Heriberto Hernandez P Sean Burke P Eury Perez SS Francisco Lindor,,,
424,5220780717,tvick,0,86.2,1B Michael Toglia 2B Matt McLain 3B Javier Sanoja C Agustin Ramirez OF Corbin Carroll OF Carson Benge OF A.J. Ewing P Dylan Cease P Sean Burke SS Otto Lopez,,,
424,5220785883,onthewaterfront1,0,86.2,1B Alec Bohm 2B Luis Arraez 3B Bryson Stott C Rafael Flores Jr. OF Wilyer Abreu OF Justin Crawford OF Brett Bateman P Dylan Cease P Sean Burke SS Otto Lopez,,,
426,5220763978,dhollomanr,0,85.95,1B Alec Bohm 2B Bryson Stott 3B Caleb Durbin C Rafael Flores Jr. OF Bryce Harper OF Byron Buxton OF Fernando Tatis Jr. P Tanner Bibee P Christian Scott SS Brayan Rocchio,,,
427,5220775067,Darkmen715 (6/17),0,85.9,1B Kyle Schwarber 2B Jorge Polanco 3B Charles McAdoo C Gabriel Moreno OF Bryce Harper OF Mike Yastrzemski OF Zach McKinstry P Dylan Cease P Drew Anderson SS CJ Abrams,,,
427,5220787686,SonOfDad (1/4),0,85.9,1B Tim Tawa 2B Ketel Marte 3B Jorge Polanco C Gabriel Moreno OF Corbin Carroll OF A.J. Ewing OF Luis Robert Jr. P Dylan Cease P Drew Anderson SS Francisco Lindor,,,
429,5220775485,Stree (5/12),0,85.6,1B Kyle Schwarber 2B Luis Arraez 3B Bryson Stott C Brian Navarreto OF Bryce Harper OF Esteury Ruiz OF Jakob Marsee P Eury Perez P Ryan Weathers SS Edmundo Sosa,,,
430,5220780023,golfrunner,0,85.55,1B Rafael Flores Jr. 2B Luis Arraez 3B Jorge Polanco C J.T. Realmuto OF Bryce Harper OF Brandon Marsh OF A.J. Ewing P Dylan Cease P Ryan Weathers SS Edmundo Sosa,,,
431,5220781831,Boneyball1018,0,85.4,1B Kyle Schwarber 2B Luis Arraez 3B Bryson Stott C Rafael Flores Jr. OF Bryce Harper OF Brandon Marsh OF Billy Cook P Casey Mize P Ryan Weathers SS Jared Triolo,,,
432,5220788072,d9144 (8/12),0,85.25,1B Josh Bell 2B Royce Lewis 3B Brooks Lee C Gabriel Moreno OF Byron Buxton OF Corbin Carroll OF Tim Tawa P Sean Burke P Eury Perez SS Kaelen Culpepper,,,
433,5220764123,etals61,0,85.2,1B Josh Bell 2B Jose Caballero 3B Eugenio Suarez C Gabriel Moreno OF A.J. Ewing OF Heliot Ramos OF Jacob Young P Dylan Cease P Sean Burke SS Geraldo Perdomo,,,
433,5220767295,miguelag08,0,85.2,1B Michael Toglia 2B Ketel Marte 3B Eugenio Suarez C Gabriel Moreno OF Corbin Carroll OF Javier Sanoja OF Tim Tawa P Dylan Cease P Sean Burke SS Geraldo Perdomo,,,
435,5220785908,bjjball44 (7/17),0,85.05,1B Michael Toglia 2B Matt McLain 3B Bryson Stott C Agustin Ramirez OF Corbin Carroll OF A.J. Ewing OF Heriberto Hernandez P Dylan Cease P Patrick Sandoval SS Elly De La Cruz,,,
436,5220775091,rjames47 (1/2),0,84.8,1B Munetaka Murakami 2B Sam Antonacci 3B Caleb Durbin C Drew Romo OF Ceddanne Rafaela OF A.J. Ewing OF George Springer P Dylan Cease P Michael Soroka SS Javier Baez,,,
437,5220769346,sdogg631,0,84.55,1B Sal Stewart 2B Ketel Marte 3B Brady House C Luis Torrens OF Fernando Tatis Jr. OF Chase DeLauter OF Brett Baty P Casey Mize P Christian Scott SS Francisco Lindor,,,
437,5220772020,bigdave55er,0,84.55,1B Abimelec Ortiz 2B Chase Meidroth 3B Jose Ramirez C Rafael Flores Jr. OF Bryce Harper OF Spencer Jones OF Steven Kwan P Casey Mize P Christian Scott SS Elly De La Cruz,,,
439,5220777243,camchris72 (1/5),0,84.25,1B Jared Young 2B Ketel Marte 3B Bo Bichette C Gabriel Moreno OF Corbin Carroll OF Luis Robert Jr. OF Jorge Barrosa P Sean Burke P Eury Perez SS Francisco Lindor,,,
439,5220777244,camchris72 (2/5),0,84.25,1B Jared Young 2B Ketel Marte 3B Bo Bichette C Gabriel Moreno OF Corbin Carroll OF Luis Robert Jr. OF Jorge Barrosa P Sean Burke P Eury Perez SS Francisco Lindor,,,
439,5220777245,camchris72 (3/5),0,84.25,1B Jared Young 2B Ketel Marte 3B Bo Bichette C Gabriel Moreno OF Corbin Carroll OF Luis Robert Jr. OF Jorge Barrosa P Sean Burke P Eury Perez SS Francisco Lindor,,,
439,5220777246,camchris72 (4/5),0,84.25,1B Jared Young 2B Ketel Marte 3B Bo Bichette C Gabriel Moreno OF Corbin Carroll OF Luis Robert Jr. OF Jorge Barrosa P Sean Burke P Eury Perez SS Francisco Lindor,,,
439,5220777247,camchris72 (5/5),0,84.25,1B Jared Young 2B Ketel Marte 3B Bo Bichette C Gabriel Moreno OF Corbin Carroll OF Luis Robert Jr. OF Jorge Barrosa P Sean Burke P Eury Perez SS Francisco Lindor,,,
439,5220777643,mtu992000,0,84.25,1B Jared Young 2B Royce Lewis 3B Bo Bichette C J.T. Realmuto OF Kody Clemens OF Carson Benge OF Luke Keaschall P Sean Burke P Ryan Weathers SS Francisco Lindor,,,
445,5220784450,bigfooteagle (2/2),0,83.75,1B Kyle Schwarber 2B Luis Arraez 3B Bryson Stott C Gabriel Moreno OF Bryce Harper OF Corbin Carroll OF Gavin Sheets P Bryce Elder P Andrew Painter SS Geraldo Perdomo,,,
446,5220764843,pdt13 (8/17),0,83.7,1B Jared Young 2B Sam Antonacci 3B Jorge Polanco C Drake Baldwin OF Byron Buxton OF Corbin Carroll OF Luis Robert Jr. P Christian Scott P Nick Lodolo SS Elly De La Cruz,,,
446,5220772601,NoLaws,0,83.7,1B Josh Bell 2B Royce Lewis 3B Bryson Stott C Victor Caratini OF Carson Benge OF Trevor Larnach OF Luke Keaschall P Dylan Cease P Christian Scott SS Francisco Lindor,,,
446,5220775488,Stree (8/12),0,83.7,1B Alec Bohm 2B Nick Sogard 3B Caleb Durbin C Adley Rutschman OF Byron Buxton OF Ceddanne Rafaela OF Justin Crawford P Dylan Cease P Christian Scott SS Andruw Monasterio,,,
449,5220754856,TattMoney (2/2),0,83.4,1B Kyle Schwarber 2B Luis Arraez 3B Bryson Stott C Henry Davis OF Bryce Harper OF Andrew Benintendi OF Billy Cook P Casey Mize P Ryan Weathers SS Colson Montgomery,,,
449,5220783125,Godfather2112,0,83.4,1B Ty France 2B Xavier Edwards 3B Bo Bichette C Adley Rutschman OF Ceddanne Rafaela OF Jackson Merrill OF Jake Mangum P Casey Mize P Ryan Weathers SS Javier Baez,,,
451,5220754543,AugleM212121,0,83.35,1B Munetaka Murakami 2B Nick Sogard 3B Jared Triolo C Ben Rice OF Bryan Reynolds OF Andrew Benintendi OF Mike Yastrzemski P Michael Soroka P Dean Kremer SS CJ Abrams,,,
452,5220774571,tngmtntnnjabortles,0,83.05,1B Ty France 2B Jake Cronenworth 3B Manny Machado C Drew Romo OF Fernando Tatis Jr. OF Jackson Merrill OF A.J. Ewing P Dylan Cease P Patrick Sandoval SS Francisco Lindor,,,
453,5220784938,sportsfanatic89 (2/4),0,82.9,1B Tim Tawa 2B Ketel Marte 3B Jorge Polanco C Gabriel Moreno OF Corbin Carroll OF Carson Benge OF A.J. Ewing P Dylan Cease P Drew Anderson SS Francisco Lindor,,,
454,5220770588,iggywags2481,0,82.75,1B Matt Olson 2B Ozzie Albies 3B Caleb Durbin C Drake Baldwin OF Ronald Acuna Jr. OF Fernando Tatis Jr. OF Ceddanne Rafaela P Bryce Elder P Andrew Painter SS Jim Jarvis,,,
455,5220749467,Gronkowski69 (1/12),0,82.7,1B Michael Toglia 2B Matt McLain 3B Eugenio Suarez C Rafael Flores Jr. OF JJ Bleday OF Esmerlyn Valdez OF George Springer P Dylan Cease P Christian Scott SS Elly De La Cruz,,,
456,5220780747,FantasyCrusader (5/8),0,82.5,1B Jared Young 2B Brett Baty 3B Bryson Stott C Drake Baldwin OF Bryce Harper OF Carson Benge OF A.J. Ewing P Dylan Cease P Andrew Painter SS Francisco Lindor,,,
457,5220763800,jimmyq24,0,82.3,1B Kyle Schwarber 2B Kody Clemens 3B Jose Ramirez C Drake Baldwin OF George Springer OF Brett Baty OF TJ Friedl P Bryce Elder P Patrick Sandoval SS Francisco Lindor,,,
458,5220755701,HanginWitTubby,0,82.25,1B Jared Young 2B Gleyber Torres 3B Bryson Stott C Luis Torrens OF Bryce Harper OF Wilyer Abreu OF Ceddanne Rafaela P Sean Burke P Eury Perez SS Edmundo Sosa,,,
458,5220787685,mcniiick9 (1/2),0,82.25,1B Miguel Vargas 2B Sam Antonacci 3B Caleb Durbin C Rafael Flores Jr. OF Wilyer Abreu OF Kody Clemens OF Braden Montgomery P Sean Burke P Ryan Weathers SS Kaelen Culpepper,,,
458,5220787694,mcniiick9 (2/2),0,82.25,1B Miguel Vargas 2B Sam Antonacci 3B Caleb Durbin C Rafael Flores Jr. OF Wilyer Abreu OF Kody Clemens OF Braden Montgomery P Sean Burke P Ryan Weathers SS Kaelen Culpepper,,,
461,5220783031,dean78904 (3/6),0,82.1,1B Luis Garcia Jr. 2B Kody Clemens 3B Ryan McMahon C Ben Rice OF Trent Grisham OF A.J. Ewing OF Spencer Jones P Eury Perez P Dean Kremer SS Francisco Lindor,,,
462,5220760967,postalwolf,0,81.75,1B Josh Bell 2B Luis Arraez 3B Caleb Durbin C Adley Rutschman OF Bryce Harper OF Wilyer Abreu OF Steven Kwan P Ryan Weathers P Christian Scott SS George Lombard Jr.,,,
462,5220768747,jbeamr5,0,81.75,1B Royce Lewis 2B Chase Meidroth 3B Bo Bichette C Luis Torrens OF Byron Buxton OF Kody Clemens OF Carson Benge P Sean Burke P Dean Kremer SS Francisco Lindor,,,
464,5220770059,kyleorso (15/17),0,81.55,1B Nathaniel Lowe 2B Jose Caballero 3B Ryan McMahon C Henry Davis OF Trent Grisham OF Spencer Jones OF Jorge Barrosa P Dylan Cease P Eury Perez SS George Lombard Jr.,,,
464,5220777728,ametz15,0,81.55,1B Jared Young 2B Royce Lewis 3B Jared Triolo C Rafael Flores Jr. OF Carson Benge OF A.J. Ewing OF Mike Yastrzemski P Dylan Cease P Eury Perez SS CJ Abrams,,,
466,5220787867,taylorboy1,0,81.5,1B Munetaka Murakami 2B Chase Meidroth 3B Miguel Vargas C Gabriel Moreno OF Sam Antonacci OF Braden Montgomery OF Daz Cameron P Sean Burke P Michael Soroka SS Geraldo Perdomo,,,
467,5220779887,jdwilliams1911,0,81.05,1B Nick Sogard 2B Ozzie Albies 3B Brooks Lee C Freddy Fermin OF Ronald Acuna Jr. OF Fernando Tatis Jr. OF A.J. Ewing P Sean Burke P Casey Mize SS Jose Caballero,,,
468,5220779215,cazdawg123,0,80.8,1B Kazuma Okamoto 2B Luis Arraez 3B Bo Bichette C James McCann OF Michael Harris II OF Ceddanne Rafaela OF Trent Grisham P Eury Perez P Tanner Bibee SS Colson Montgomery,,,
469,5220754303,rendonraiders,0,80.75,1B Josh Bell 2B Chase Meidroth 3B Caleb Durbin C Drake Baldwin OF Daylen Lile OF Carson Benge OF A.J. Ewing P Dylan Cease P Bryce Elder SS Jared Triolo,,,
470,5220769496,JGLspeaks (2/5),0,80.7,1B Tim Tawa 2B Ketel Marte 3B Bryson Stott C J.T. Realmuto OF Corbin Carroll OF Max Kepler OF Edmundo Sosa P Dylan Cease P Christian Scott SS Geraldo Perdomo,,,
471,5220784508,statis.official (10/12),0,80.25,1B Kyle Schwarber 2B Bryson Stott 3B Alec Bohm C J.T. Realmuto OF Esteury Ruiz OF Luke Keaschall OF Tim Tawa P Sean Burke P Eury Perez SS Francisco Lindor,,,
472,5220763758,GHROSS (5/6),0,80.1,1B Kyle Schwarber 2B Jorge Polanco 3B Nolan Arenado C James McCann OF Bryce Harper OF Ronald Acuna Jr. OF Fernando Tatis Jr. P Christian Scott P Drew Anderson SS Andruw Monasterio,,,
473,5220767734,psumav (5/13),0,80.05,1B Nathaniel Lowe 2B Ketel Marte 3B Nick Yorke C Gabriel Moreno OF Wilyer Abreu OF Corbin Carroll OF Max Kepler P Dylan Cease P Patrick Sandoval SS Geraldo Perdomo,,,
474,5220770054,kyleorso (10/17),0,79.7,1B Charles McAdoo 2B Jake Cronenworth 3B Leo Jimenez C Brian Navarreto OF Byron Buxton OF Fernando Tatis Jr. OF Ceddanne Rafaela P Dylan Cease P Christian Scott SS Elly De La Cruz,,,
475,5220770048,kyleorso (4/17),0,79.65,1B Kyle Schwarber 2B Ketel Marte 3B Eugenio Suarez C Agustin Ramirez OF Ronald Acuna Jr. OF Byron Buxton OF Corbin Carroll P Drew Anderson P Mason Miller SS Francisco Lindor,,,
476,5220770047,kyleorso (3/17),0,79.55,1B Nathaniel Lowe 2B Jose Caballero 3B Ryan McMahon C J.T. Realmuto OF Trent Grisham OF Dominic Smith OF Mike Yastrzemski P Dylan Cease P Eury Perez SS Xander Bogaerts,,,
476,5220770049,kyleorso (5/17),0,79.55,1B Nick Yorke 2B Travis Bazzana 3B Austin Riley C Henry Davis OF Spencer Jones OF Brett Bateman OF Myles Straw P Dylan Cease P Eury Perez SS Javier Baez,,,
478,5220766237,jbenne03,0,79.5,1B Kyle Schwarber 2B Luis Arraez 3B Bryson Stott C Gabriel Moreno OF Bryce Harper OF Corbin Carroll OF Brandon Marsh P Nick Lodolo P Andrew Painter SS George Lombard Jr.,,,
478,5220767732,psumav (3/13),0,79.5,1B Kyle Schwarber 2B Jorge Polanco 3B Bryson Stott C Drew Romo OF Bryce Harper OF Carson Benge OF A.J. Ewing P Dylan Cease P Andrew Painter SS Francisco Lindor,,,
478,5220772667,HIghtower83,0,79.5,1B Ty France 2B Jake Cronenworth 3B Caleb Durbin C Austin Hedges OF Fernando Tatis Jr. OF Luis Rengifo OF Brett Bateman P Dylan Cease P Nick Lodolo SS CJ Abrams,,,
478,5220786133,psumav (13/13),0,79.5,1B Kyle Schwarber 2B Jorge Polanco 3B Bryson Stott C Drew Romo OF Bryce Harper OF Carson Benge OF A.J. Ewing P Dylan Cease P Andrew Painter SS Francisco Lindor,,,
482,5220763725,Dennyban,0,79.2,1B Royce Lewis 2B Nick Sogard 3B Eugenio Suarez C Drew Romo OF Corbin Carroll OF Trent Grisham OF Sam Antonacci P Dylan Cease P Sean Burke SS Jared Triolo,,,
482,5220776279,dumbdodger (1/2),0,79.2,1B Kyle Schwarber 2B Luis Arraez 3B Ryan McMahon C Connor Wong OF George Springer OF Brett Baty OF Mike Yastrzemski P Dylan Cease P Sean Burke SS Francisco Lindor,,,
482,5220784685,dumbdodger (2/2),0,79.2,1B Kyle Schwarber 2B Luis Arraez 3B Ryan McMahon C Connor Wong OF George Springer OF Brett Baty OF Mike Yastrzemski P Dylan Cease P Sean Burke SS Francisco Lindor,,,
485,5220778345,Link2121,0,78.75,1B Spencer Torkelson 2B Chase Meidroth 3B Brooks Lee C Adley Rutschman OF Chase DeLauter OF Jarren Duran OF Brett Bateman P Dylan Cease P Bryce Elder SS Kevin McGonigle,,,
486,5220784502,statis.official (4/12),0,78.25,1B Kyle Schwarber 2B Bryson Stott 3B Alec Bohm C Victor Caratini OF Chase DeLauter OF Esteury Ruiz OF Luke Keaschall P Sean Burke P Eury Perez SS Francisco Lindor,,,
487,5220754310,coolbowler300,0,78.15,1B Josh Bell 2B Sam Antonacci 3B Bryson Stott C Keibert Ruiz OF Jackson Merrill OF Chase DeLauter OF Carson Benge P Dylan Cease P Jake Irvin SS Otto Lopez,,,
487,5220780126,mike419v,0,78.15,1B Kyle Schwarber 2B Bryson Stott 3B Miguel Vargas C Agustin Ramirez OF Bryce Harper OF Daylen Lile OF Tim Tawa P Jake Irvin P Andrew Painter SS CJ Abrams,,,
489,5220780050,Fridgeadair,0,77.9,1B Matt Olson 2B Nick Sogard 3B Caleb Durbin C Adley Rutschman OF Ronald Acuna Jr. OF Wilyer Abreu OF George Springer P Casey Mize P Patrick Sandoval SS Andres Gimenez,,,
490,5220764931,GHROSS (6/6),0,77.85,1B Ty France 2B Ketel Marte 3B Nolan Arenado C Gabriel Moreno OF Corbin Carroll OF Ceddanne Rafaela OF Tim Tawa P Eury Perez P Michael Soroka SS George Lombard Jr.,,,
491,5220769349,oldschoolyankee,0,77.55,1B Luis Garcia Jr. 2B Ketel Marte 3B Ryan McMahon C Rafael Flores Jr. OF Trent Grisham OF George Springer OF Spencer Jones P Dylan Cease P Ryan Weathers SS George Lombard Jr.,,,
492,5220775484,Stree (4/12),0,77.5,1B Josh Bell 2B Royce Lewis 3B Brooks Lee C Victor Caratini OF Chase DeLauter OF Luke Keaschall OF Steven Kwan P Dylan Cease P Nick Lodolo SS CJ Abrams,,,
493,5220769475,DcSports89,0,76.55,1B Abimelec Ortiz 2B Ernie Clement 3B Brady House C Alejandro Kirk OF Daylen Lile OF George Springer OF Jacob Young P Dylan Cease P Eury Perez SS CJ Abrams,,,
494,5220751787,Wanna_Square_Up1567 (7/17),0,76.5,1B Michael Toglia 2B Ketel Marte 3B Manny Machado C Gabriel Moreno OF Corbin Carroll OF Jackson Merrill OF Jorge Barrosa P Dylan Cease P Nick Lodolo SS Geraldo Perdomo,,,
495,5220752889,GGHOSTMANH (15/17),0,76.35,1B Michael Toglia 2B Nick Sogard 3B Caleb Durbin C Connor Wong OF Wilyer Abreu OF Ceddanne Rafaela OF Billy Cook P Dylan Cease P Casey Mize SS CJ Abrams,,,
496,5220778343,Bowzer636,0,76.3,1B Sal Stewart 2B Kody Clemens 3B Kazuma Okamoto C Drake Baldwin OF Carson Benge OF Trevor Larnach OF Heriberto Hernandez P Tanner Bibee P Patrick Sandoval SS Kevin McGonigle,,,
497,5220784506,statis.official (8/12),0,76.25,1B Munetaka Murakami 2B Bryson Stott 3B Nolan Arenado C Gabriel Moreno OF Esteury Ruiz OF Luke Keaschall OF Tim Tawa P Sean Burke P Eury Perez SS Francisco Lindor,,,
498,5220787993,BigWilburStyle (2/2),0,76.15,1B Kyle Schwarber 2B Bryson Stott 3B Charles McAdoo C Gabriel Moreno OF Byron Buxton OF George Springer OF Tim Tawa P Dylan Cease P Jake Irvin SS Geraldo Perdomo,,,
499,5220784449,bigfooteagle (1/2),0,75.75,1B Kyle Schwarber 2B Luis Arraez 3B Bryson Stott C Gabriel Moreno OF Bryce Harper OF Byron Buxton OF Gavin Sheets P Bryce Elder P Andrew Painter SS Geraldo Perdomo,,,
500,5220785751,TheHawkEntourage,0,75.7,1B Ty France 2B Ketel Marte 3B Jorge Polanco C Adley Rutschman OF Carson Benge OF A.J. Ewing OF Brett Baty P Dylan Cease P Christian Scott SS Francisco Lindor,,,
501,5220767735,psumav (6/13),0,75.55,1B Kyle Schwarber 2B Ketel Marte 3B Bryson Stott C Gabriel Moreno OF Bryce Harper OF Corbin Carroll OF Jorge Barrosa P Eury Perez P Andrew Painter SS Edmundo Sosa,,,
502,5220784670,pkellen (3/3),0,75.05,1B Miguel Vargas 2B Travis Bazzana 3B Jose Ramirez C Drew Romo OF Chase DeLauter OF Jo Adell OF Steven Kwan P Dylan Cease P Patrick Sandoval SS Colson Montgomery,,,
503,5220769809,bigmac70,0,75,1B Rhys Hoskins 2B Xavier Edwards 3B Austin Riley C Adley Rutschman OF Byron Buxton OF Wilyer Abreu OF Michael Harris II P Tanner Bibee P Bryce Elder SS Xander Bogaerts,,,
504,5220775768,brandonabk (1/4),0,74.6,1B Kyle Schwarber 2B Nick Sogard 3B Jorge Polanco C Ben Rice OF Carson Benge OF Steven Kwan OF Mike Yastrzemski P Eury Perez P Ryan Weathers SS Otto Lopez,,,
505,5220768822,becvark,0,73.8,1B Charles McAdoo 2B Kody Clemens 3B Brady House C Alejandro Kirk OF Dylan Crews OF Daylen Lile OF George Springer P Eury Perez P Bryce Elder SS CJ Abrams,,,
506,5220787130,KizrBr (3/5),0,73.7,1B Jared Young 2B Nick Sogard 3B Caleb Durbin C Adley Rutschman OF Corbin Carroll OF Ceddanne Rafaela OF Carson Benge P Dylan Cease P Christian Scott SS Andruw Monasterio,,,
507,5220788074,d9144 (10/12),0,73.6,1B Tim Tawa 2B Ozzie Albies 3B Nolan Arenado C Gabriel Moreno OF Corbin Carroll OF Michael Harris II OF Mike Yastrzemski P Eury Perez P Ryan Weathers SS Geraldo Perdomo,,,
508,5220751788,Wanna_Square_Up1567 (8/17),0,73.5,1B Michael Toglia 2B Ketel Marte 3B Nolan Arenado C Gabriel Moreno OF Corbin Carroll OF Michael Harris II OF Mike Yastrzemski P Dylan Cease P Nick Lodolo SS Geraldo Perdomo,,,
508,5220785810,Jeter2333 (9/17),0,73.5,1B Jared Young 2B Ketel Marte 3B Nolan Arenado C Gabriel Moreno OF Corbin Carroll OF Carson Benge OF A.J. Ewing P Dylan Cease P Andrew Painter SS Francisco Lindor,,,
510,5220755804,MnvKCfan02,0,73.4,1B Luis Garcia Jr. 2B Xavier Edwards 3B Kazuma Okamoto C Adley Rutschman OF Byron Buxton OF Jarren Duran OF George Springer P Sean Burke P Christian Scott SS George Lombard Jr.,,,
511,5220777429,bigkt007,0,73.2,1B Nathaniel Lowe 2B Sam Antonacci 3B Caleb Durbin C Gabriel Moreno OF Bryce Harper OF Ronald Acuna Jr. OF Luis Rengifo P Sean Burke P Andrew Painter SS Otto Lopez,,,
512,5220782206,tvielkin (7/7),0,72.7,1B Charles McAdoo 2B Nick Sogard 3B Caleb Durbin C Adley Rutschman OF Corbin Carroll OF Ceddanne Rafaela OF Jarren Duran P Dylan Cease P Christian Scott SS Geraldo Perdomo,,,
513,5220765795,jboehm,0,72.25,1B Tim Tawa 2B Luis Arraez 3B Caleb Durbin C Luis Torrens OF Ronald Acuna Jr. OF Corbin Carroll OF Jakob Marsee P Sean Burke P Eury Perez SS Geraldo Perdomo,,,
513,5220785744,worldofjp (3/5),0,72.25,1B Sal Stewart 2B Royce Lewis 3B Alec Bohm C Rafael Flores Jr. OF JJ Bleday OF Ceddanne Rafaela OF Brandon Marsh P Sean Burke P Ryan Weathers SS Edmundo Sosa,,,
515,5220770109,paulmgarcia420 (2/2),0,72.2,1B Alec Bohm 2B Ernie Clement 3B Austin Riley C Alejandro Kirk OF Byron Buxton OF Dylan Crews OF Steven Kwan P Dylan Cease P Sean Burke SS Javier Baez,,,
516,5220785667,LordofRings6 (2/2),0,71.8,1B Victor Caratini 2B Nick Sogard 3B Caleb Durbin C Rafael Flores Jr. OF Wilyer Abreu OF Ceddanne Rafaela OF Esmerlyn Valdez P Dylan Cease P Michael Soroka SS Andruw Monasterio,,,
517,5220778858,JGLspeaks (5/5),0,71.25,1B Bryce Harper 2B Ketel Marte 3B Bryson Stott C Gabriel Moreno OF Corbin Carroll OF Tim Tawa OF Jorge Barrosa P Sean Burke P Ryan Weathers SS Edmundo Sosa,,,
518,5220765734,stonenuts,0,71.05,1B Josh Bell 2B Chase Meidroth 3B Eugenio Suarez C Alejandro Kirk OF Fernando Tatis Jr. OF Ceddanne Rafaela OF Brett Bateman P Dylan Cease P Dean Kremer SS Francisco Lindor,,,
519,5220784019,Crazychigirl,0,70.5,1B Kyle Schwarber 2B Jake Cronenworth 3B Eugenio Suarez C J.T. Realmuto OF Bryce Harper OF Brandon Marsh OF Chase DeLauter P Dylan Cease P Andrew Painter SS Jim Jarvis,,,
520,5220785683,worldofjp (1/5),0,70.25,1B Sal Stewart 2B Royce Lewis 3B Alec Bohm C Rafael Flores Jr. OF Ceddanne Rafaela OF Brandon Marsh OF Carson Benge P Sean Burke P Ryan Weathers SS Edmundo Sosa,,,
520,5220785734,worldofjp (2/5),0,70.25,1B Sal Stewart 2B Royce Lewis 3B Alec Bohm C Rafael Flores Jr. OF Ceddanne Rafaela OF Brandon Marsh OF Carson Benge P Sean Burke P Ryan Weathers SS Edmundo Sosa,,,
520,5220787669,worldofjp (4/5),0,70.25,1B Sal Stewart 2B Royce Lewis 3B Alec Bohm C Rafael Flores Jr. OF Ceddanne Rafaela OF Brandon Marsh OF Carson Benge P Sean Burke P Ryan Weathers SS Edmundo Sosa,,,
520,5220787678,worldofjp (5/5),0,70.25,1B Sal Stewart 2B Royce Lewis 3B Alec Bohm C Rafael Flores Jr. OF Ceddanne Rafaela OF Brandon Marsh OF Carson Benge P Sean Burke P Ryan Weathers SS Edmundo Sosa,,,
524,5220767739,psumav (10/13),0,69.7,1B Kyle Schwarber 2B Ketel Marte 3B Bryson Stott C Gabriel Moreno OF Bryce Harper OF Corbin Carroll OF Jorge Barrosa P Christian Scott P Andrew Painter SS Geraldo Perdomo,,,
525,5220755371,rkadoerksen,0,69.25,1B Kazuma Okamoto 2B Xavier Edwards 3B Jose Ramirez C Freddy Fermin OF Corbin Carroll OF George Springer OF Brett Bateman P Sean Burke P Eury Perez SS Francisco Lindor,,,
525,5220767733,psumav (4/13),0,69.25,1B Kyle Schwarber 2B Jorge Polanco 3B Bo Bichette C J.T. Realmuto OF Bryce Harper OF Carson Benge OF A.J. Ewing P Christian Scott P Patrick Sandoval SS Francisco Lindor,,,
525,5220770390,wardsound (1/4),0,69.25,1B Ty France 2B Luis Arraez 3B Nolan Arenado C Gabriel Moreno OF Esmerlyn Valdez OF Braden Montgomery OF Brett Bateman P Sean Burke P Eury Perez SS Francisco Lindor,,,
525,5220784507,statis.official (9/12),0,69.25,1B Kyle Schwarber 2B Matt McLain 3B Bryson Stott C Gabriel Moreno OF Esteury Ruiz OF Luke Keaschall OF Tim Tawa P Sean Burke P Eury Perez SS Francisco Lindor,,,
525,5220784509,statis.official (11/12),0,69.25,1B Kyle Schwarber 2B Bryson Stott 3B Eugenio Suarez C Gabriel Moreno OF Esteury Ruiz OF Luke Keaschall OF Tim Tawa P Sean Burke P Eury Perez SS Geraldo Perdomo,,,
525,5220786131,psumav (11/13),0,69.25,1B Kyle Schwarber 2B Jorge Polanco 3B Bo Bichette C J.T. Realmuto OF Bryce Harper OF Carson Benge OF A.J. Ewing P Christian Scott P Patrick Sandoval SS Francisco Lindor,,,
531,5220788073,d9144 (9/12),0,68.75,1B Ty France 2B Jake Cronenworth 3B Manny Machado C Drake Baldwin OF Fernando Tatis Jr. OF Michael Harris II OF Jackson Merrill P Sean Burke P Dean Kremer SS Jim Jarvis,,,
532,5220784002,Mrboozer (2/2),0,68.2,1B Ty France 2B Jake Cronenworth 3B Eugenio Suarez C Gabriel Moreno OF JJ Bleday OF Esmerlyn Valdez OF Carson Benge P Sean Burke P Nick Lodolo SS Elly De La Cruz,,,
532,5220785739,FATEFELLSHORT (2/16),0,68.2,1B Dominic Smith 2B Ketel Marte 3B Charles McAdoo C Gabriel Moreno OF Corbin Carroll OF Max Kepler OF Mike Yastrzemski P Dylan Cease P Sean Burke SS Geraldo Perdomo,,,
532,5220785753,FATEFELLSHORT (4/16),0,68.2,1B Dominic Smith 2B Ketel Marte 3B Charles McAdoo C Gabriel Moreno OF Corbin Carroll OF Max Kepler OF Mike Yastrzemski P Dylan Cease P Sean Burke SS Geraldo Perdomo,,,
532,5220785780,FATEFELLSHORT (6/16),0,68.2,1B Dominic Smith 2B Ketel Marte 3B Charles McAdoo C Gabriel Moreno OF Corbin Carroll OF Max Kepler OF Mike Yastrzemski P Dylan Cease P Sean Burke SS Geraldo Perdomo,,,
532,5220787666,FATEFELLSHORT (8/16),0,68.2,1B Dominic Smith 2B Ketel Marte 3B Charles McAdoo C Gabriel Moreno OF Corbin Carroll OF Max Kepler OF Mike Yastrzemski P Dylan Cease P Sean Burke SS Geraldo Perdomo,,,
532,5220787671,FATEFELLSHORT (10/16),0,68.2,1B Dominic Smith 2B Ketel Marte 3B Charles McAdoo C Gabriel Moreno OF Corbin Carroll OF Max Kepler OF Mike Yastrzemski P Dylan Cease P Sean Burke SS Geraldo Perdomo,,,
532,5220787683,FATEFELLSHORT (12/16),0,68.2,1B Dominic Smith 2B Ketel Marte 3B Charles McAdoo C Gabriel Moreno OF Corbin Carroll OF Max Kepler OF Mike Yastrzemski P Dylan Cease P Sean Burke SS Geraldo Perdomo,,,
532,5220787692,FATEFELLSHORT (14/16),0,68.2,1B Dominic Smith 2B Ketel Marte 3B Charles McAdoo C Gabriel Moreno OF Corbin Carroll OF Max Kepler OF Mike Yastrzemski P Dylan Cease P Sean Burke SS Geraldo Perdomo,,,
532,5220787696,FATEFELLSHORT (16/16),0,68.2,1B Dominic Smith 2B Ketel Marte 3B Charles McAdoo C Gabriel Moreno OF Corbin Carroll OF Max Kepler OF Mike Yastrzemski P Dylan Cease P Sean Burke SS Geraldo Perdomo,,,
541,5220773478,gowest1989,0,68.05,1B Jared Young 2B Anthony Seigler 3B Bo Bichette C Adley Rutschman OF Wilyer Abreu OF Ceddanne Rafaela OF Carson Benge P Dylan Cease P Patrick Sandoval SS Andruw Monasterio,,,
542,5220767731,psumav (2/13),0,67.5,1B Tim Tawa 2B Ketel Marte 3B Bo Bichette C Brian Navarreto OF Wilyer Abreu OF Corbin Carroll OF Carson Benge P Dylan Cease P Andrew Painter SS Francisco Lindor,,,
543,5220787687,SonOfDad (2/4),0,67.1,1B Michael Toglia 2B Matt McLain 3B Eugenio Suarez C Drake Baldwin OF Ronald Acuna Jr. OF JJ Bleday OF Mike Yastrzemski P Ryan Weathers P Dean Kremer SS Elly De La Cruz,,,
544,5220753396,ts1rlm,0,66.25,1B Kyle Schwarber 2B Anthony Seigler 3B Manny Machado C Drake Baldwin OF Dylan Crews OF Trent Grisham OF Jake Mangum P Ryan Weathers P Hunter Barco SS Javier Baez,,,
545,5220766057,Cobra777666777,0,66.2,1B Abimelec Ortiz 2B Bryson Stott 3B Caleb Durbin C Alejandro Kirk OF Ceddanne Rafaela OF Sam Antonacci OF Jarren Duran P Dylan Cease P Sean Burke SS Andruw Monasterio,,,
546,5220780259,huntsaa7,0,64.75,1B Luis Garcia Jr. 2B Royce Lewis 3B Charles McAdoo C Ben Rice OF Byron Buxton OF Trent Grisham OF Spencer Jones P Sean Burke P Dean Kremer SS George Lombard Jr.,,,
547,5220777066,blitzburgh07 (2/2),0,64.25,1B Abimelec Ortiz 2B Sam Antonacci 3B Bryson Stott C Alejandro Kirk OF Wilyer Abreu OF Carson Benge OF Braden Montgomery P Sean Burke P Eury Perez SS Francisco Lindor,,,
547,5220788071,d9144 (7/12),0,64.25,1B Josh Bell 2B Jake Cronenworth 3B Manny Machado C Freddy Fermin OF Byron Buxton OF Fernando Tatis Jr. OF Jackson Merrill P Sean Burke P Eury Perez SS Kaelen Culpepper,,,
549,5220775722,nrd53920 (1/6),0,64.2,1B Rhys Hoskins 2B Jorge Polanco 3B Jose Ramirez C Agustin Ramirez OF Chase DeLauter OF Jo Adell OF Steven Kwan P Dylan Cease P Sean Burke SS Geraldo Perdomo,,,
549,5220785852,nrd53920 (5/6),0,64.2,1B Rhys Hoskins 2B Jorge Polanco 3B Jose Ramirez C Agustin Ramirez OF Chase DeLauter OF Jo Adell OF Steven Kwan P Dylan Cease P Sean Burke SS Geraldo Perdomo,,,
549,5220788029,nrd53920 (6/6),0,64.2,1B Rhys Hoskins 2B Jorge Polanco 3B Jose Ramirez C Agustin Ramirez OF Chase DeLauter OF Jo Adell OF Steven Kwan P Dylan Cease P Sean Burke SS Geraldo Perdomo,,,
552,5220784713,NEWINNER,0,63.85,1B Ty France 2B Bryson Stott 3B Colson Montgomery C Rafael Flores Jr. OF Corbin Carroll OF Trent Grisham OF A.J. Ewing P Eury Perez P Michael Soroka SS Geraldo Perdomo,,,
553,5220783653,dylanjohn,0,63.6,1B Josh Bell 2B Nick Sogard 3B Caleb Durbin C Adley Rutschman OF Wilyer Abreu OF Ceddanne Rafaela OF Trevor Larnach P Eury Perez P Ryan Weathers SS Xander Bogaerts,,,
554,5220754935,BeeGizzle72,0,63.5,1B Abimelec Ortiz 2B Bryson Stott 3B Miguel Vargas C Rafael Flores Jr. OF Fernando Tatis Jr. OF Ceddanne Rafaela OF Carson Benge P Sean Burke P Michael Soroka SS Geraldo Perdomo,,,
555,5220784504,statis.official (6/12),0,63.25,1B Kyle Schwarber 2B Bryson Stott 3B Nolan Arenado C Gabriel Moreno OF Chase DeLauter OF Esteury Ruiz OF Luke Keaschall P Sean Burke P Eury Perez SS Jared Triolo,,,
556,5220766932,yourboya2307,0,63.2,1B Bryce Harper 2B Luis Arraez 3B Bryson Stott C Victor Caratini OF Brandon Marsh OF Trevor Larnach OF Brett Bateman P Dylan Cease P Sean Burke SS Kaelen Culpepper,,,
557,5220763985,Mrboozer (1/2),0,63.15,1B Josh Bell 2B Matt McLain 3B Jared Triolo C Rafael Flores Jr. OF Byron Buxton OF Corbin Carroll OF Steven Kwan P Dylan Cease P Jake Irvin SS CJ Abrams,,,
558,5220775016,JMB4491 (1/2),0,62.4,1B Ty France 2B Chase Meidroth 3B Nolan Arenado C Alejandro Kirk OF Fernando Tatis Jr. OF Ceddanne Rafaela OF Heriberto Hernandez P Sean Burke P Christian Scott SS Otto Lopez,,,
559,5220784503,statis.official (5/12),0,62.25,1B Kyle Schwarber 2B Bryson Stott 3B Nolan Arenado C Gabriel Moreno OF Esteury Ruiz OF Luke Keaschall OF Tim Tawa P Sean Burke P Eury Perez SS Geraldo Perdomo,,,
559,5220784505,statis.official (7/12),0,62.25,1B Kyle Schwarber 2B Bryson Stott 3B Eugenio Suarez C J.T. Realmuto OF Esteury Ruiz OF Luke Keaschall OF Tim Tawa P Sean Burke P Eury Perez SS Francisco Lindor,,,
561,5220763754,GHROSS (1/6),0,61.85,1B Ty France 2B Ozzie Albies 3B Kazuma Okamoto C Drake Baldwin OF Ronald Acuna Jr. OF Michael Harris II OF Ceddanne Rafaela P Sean Burke P Jake Irvin SS Kaelen Culpepper,,,
562,5220777263,Bmk1,0,61.4,1B Munetaka Murakami 2B Matt McLain 3B Caleb Durbin C Gabriel Moreno OF Trent Grisham OF Mike Yastrzemski OF Tim Tawa P Sean Burke P Christian Scott SS Elly De La Cruz,,,
563,5220770058,kyleorso (14/17),0,61.25,1B Kyle Schwarber 2B Bryson Stott 3B Eugenio Suarez C Ben Rice OF Byron Buxton OF Corbin Carroll OF Esteury Ruiz P Mason Montgomery P Louis Varland SS Elly De La Cruz,,,
564,5220773175,GregoryChickman,0,61.2,1B Charles McAdoo 2B Sam Antonacci 3B Bryson Stott C Gabriel Moreno OF Wilyer Abreu OF Jo Adell OF Brett Bateman P Dylan Cease P Sean Burke SS Geraldo Perdomo,,,
565,5220779934,RubberDuck11,0,60.4,1B Michael Toglia 2B Ketel Marte 3B Nolan Arenado C Alejandro Kirk OF Bryan Reynolds OF Daylen Lile OF Carson Benge P Sean Burke P Christian Scott SS Francisco Lindor,,,
566,5220765292,dragon8700,0,60.3,1B Kazuma Okamoto 2B Sam Antonacci 3B Colson Montgomery C Adley Rutschman OF Wilyer Abreu OF Kody Clemens OF Ceddanne Rafaela P Tanner Bibee P Patrick Sandoval SS Francisco Lindor,,,
567,5220784066,pontikis22,0,60.25,1B Royce Lewis 2B Chase Meidroth 3B Brady House C Connor Wong OF Wilyer Abreu OF Ceddanne Rafaela OF Daylen Lile P Sean Burke P Eury Perez SS Andruw Monasterio,,,
567,5220784669,pkellen (2/3),0,60.25,1B Jared Young 2B Bryson Stott 3B Jorge Polanco C J.T. Realmuto OF Bryce Harper OF Carson Benge OF A.J. Ewing P Sean Burke P Eury Perez SS Francisco Lindor,,,
569,5220778946,joeyjfields,0,60,1B Sal Stewart 2B Luis Arraez 3B Caleb Durbin C Alejandro Kirk OF Ronald Acuna Jr. OF Wilyer Abreu OF Chase DeLauter P Tanner Bibee P Bryce Elder SS Kaelen Culpepper,,,
570,5220752888,GGHOSTMANH (14/17),0,59.75,1B Michael Toglia 2B Ketel Marte 3B Eugenio Suarez C James McCann OF Corbin Carroll OF Chase DeLauter OF Steven Kwan P Dylan Cease P Tanner Bibee SS Geraldo Perdomo,,,
571,5220784496,Greed603,0,59.35,1B Josh Bell 2B Nick Sogard 3B Bo Bichette C Adley Rutschman OF Wilyer Abreu OF Corbin Carroll OF Jarren Duran P Michael Soroka P Patrick Sandoval SS Francisco Lindor,,,
572,5220770050,kyleorso (6/17),0,59,1B Kyle Schwarber 2B Jake Cronenworth 3B Manny Machado C Ben Rice OF Byron Buxton OF Fernando Tatis Jr. OF Esteury Ruiz P Louis Varland P Cade Gibson SS Elly De La Cruz,,,
573,5220767738,psumav (9/13),0,57.5,1B Kyle Schwarber 2B Nick Sogard 3B Bryson Stott C Adley Rutschman OF Wilyer Abreu OF Ceddanne Rafaela OF Justin Crawford P Dylan Cease P Andrew Painter SS Edmundo Sosa,,,
574,5220755167,ivymoose (2/5),0,57.05,1B Miguel Vargas 2B Nick Sogard 3B Caleb Durbin C Adley Rutschman OF Wilyer Abreu OF Ceddanne Rafaela OF Luke Keaschall P Dylan Cease P Patrick Sandoval SS Kaelen Culpepper,,,
575,5220780442,wienke29,0,56.1,1B Royce Lewis 2B Chase Meidroth 3B Caleb Durbin C Alejandro Kirk OF Fernando Tatis Jr. OF Jackson Merrill OF Jake Mangum P Eury Perez P Patrick Sandoval SS Geraldo Perdomo,,,
576,5220784500,statis.official (2/12),0,55.25,1B Kyle Schwarber 2B Bryson Stott 3B Nolan Arenado C J.T. Realmuto OF Esteury Ruiz OF Luke Keaschall OF Tim Tawa P Sean Burke P Eury Perez SS Francisco Lindor,,,
577,5220755771,mtrent96,0,53.6,1B Bryce Harper 2B Jose Caballero 3B Eugenio Suarez C Adley Rutschman OF Fernando Tatis Jr. OF Wilyer Abreu OF Brett Bateman P Patrick Sandoval P Dean Kremer SS Elly De La Cruz,,,
578,5220781482,brousey21,0,52.5,1B Ty France 2B Nick Sogard 3B Bryson Stott C Alejandro Kirk OF Bryce Harper OF Wilyer Abreu OF Dylan Crews P Dylan Cease P Andrew Painter SS Jared Triolo,,,
579,5220765763,cyclones82,0,52.25,1B Sal Stewart 2B Royce Lewis 3B Bryson Stott C Victor Caratini OF Carson Benge OF Luke Keaschall OF Brett Baty P Sean Burke P Eury Perez SS Francisco Lindor,,,
580,5220779439,casen13,0,51.9,1B Charles McAdoo 2B Ketel Marte 3B Jared Triolo C James McCann OF Byron Buxton OF Corbin Carroll OF Ceddanne Rafaela P Casey Mize P Patrick Sandoval SS Elly De La Cruz,,,
581,5220752884,GGHOSTMANH (10/17),0,51.75,1B Michael Toglia 2B Matt McLain 3B Kevin McGonigle C Dillon Dingler OF Javier Baez OF Zach McKinstry OF TJ Friedl P Dylan Cease P Tanner Bibee SS Elly De La Cruz,,,
582,5220763717,tvtalent,0,51.45,1B Spencer Torkelson 2B Gleyber Torres 3B Manny Machado C Ben Rice OF Ceddanne Rafaela OF George Springer OF Mike Yastrzemski P Sean Burke P Bryce Elder SS Javier Baez,,,
583,5220770046,kyleorso (2/17),0,51.3,1B Kyle Schwarber 2B Jake Cronenworth 3B Manny Machado C Ben Rice OF Byron Buxton OF Fernando Tatis Jr. OF Esteury Ruiz P Braydon Fisher P Andrew Morris SS Elly De La Cruz,,,
584,5220755136,druff000,0,51.25,1B Josh Bell 2B Bryson Stott 3B Nolan Arenado C Gabriel Moreno OF Jackson Merrill OF Chase DeLauter OF Carson Benge P Sean Burke P Eury Perez SS Geraldo Perdomo,,,
585,5220778885,Pololover47,0,49.2,1B Ty France 2B Bryson Stott 3B Nolan Arenado C James McCann OF Fernando Tatis Jr. OF A.J. Ewing OF Steven Kwan P Dylan Cease P Sean Burke SS Brayan Rocchio,,,
586,5220773410,kenpee,0,45.75,1B Josh Bell 2B Ozzie Albies 3B Brooks Lee C Drake Baldwin OF Wilyer Abreu OF Chase DeLauter OF A.J. Ewing P Sean Burke P Patrick Sandoval SS Geraldo Perdomo,,,
587,5220770052,kyleorso (8/17),0,45.5,1B Kyle Schwarber 2B Bryson Stott 3B Jose Ramirez C Henry Davis OF Ronald Acuna Jr. OF Byron Buxton OF Fernando Tatis Jr. P Kody Funderburk P Isaac Mattson SS Elly De La Cruz,,,
588,5220776247,JMB4491 (2/2),0,44.75,1B Ty France 2B Chase Meidroth 3B Manny Machado C Alejandro Kirk OF Fernando Tatis Jr. OF Ceddanne Rafaela OF Heriberto Hernandez P Sean Burke P Patrick Sandoval SS Francisco Lindor,,,
589,5220768724,2015Falcons,0,43.75,1B Ty France 2B Brandon Lowe 3B Kevin McGonigle C Gabriel Moreno OF Michael Harris II OF Steven Kwan OF Javier Baez P Sean Burke P Patrick Sandoval SS Otto Lopez,,,
590,5220767549,bucsrus1127,0,37.75,1B Kyle Schwarber 2B Ozzie Albies 3B Nolan Arenado C Rafael Flores Jr. OF Ronald Acuna Jr. OF Jackson Merrill OF Brett Bateman P Sean Burke P Patrick Sandoval SS Geraldo Perdomo,,,
591,5220767736,psumav (7/13),0,36.25,1B Nick Sogard 2B Jorge Polanco 3B Nolan Arenado C Adley Rutschman OF Wilyer Abreu OF Ceddanne Rafaela OF Carson Benge P Sean Burke P Eury Perez SS Francisco Lindor,,,
592,5220755185,papa-sports-39,0,34.75,1B Ty France 2B Chase Meidroth 3B Bryson Stott C Alejandro Kirk OF Wilyer Abreu OF Corbin Carroll OF Braden Montgomery P Sean Burke P Patrick Sandoval SS Francisco Lindor,,,
593,5220754268,illone97,0,0,,,,
593,5220779463,Hansolo1985,0,0,,,,
